Residue pair,Link-Type,Alpha peptide,Beta peptide,Alpha peptide position,Beta peptide position,Alpha protein(s) position(s),Beta protein(s) position(s),Alpha protein mapping(s),Beta protein mapping(s),Alpha gene mapping(s),Beta gene mapping(s),IsDecoy,CSM count,Score
MTNFD [K] NLPNEK <=> VVDELV [K] VMGR,Intralink,MTNFD [K] NLPNEK,VVDELV [K] VMGR,6,7,504,753,sp|CAS9HALO|CAS9HALO,sp|CAS9HALO|CAS9HALO,CAS9HALO,CAS9HALO,FALSE,1,1
KTEVQTGGFS [K] ESILPK <=> LP [K] YSLFELENGR,Intralink,KTEVQTGGFS [K] ESILPK,LP [K] YSLFELENGR,11,3,1111,1204,sp|CAS9HALO|CAS9HALO,sp|CAS9HALO|CAS9HALO,CAS9HALO,CAS9HALO,FALSE,1,1
ELGSQIL [K] EHPVENTQLQNEK <=> VNTEIT [K] APLSASMIK,Intralink,ELGSQIL [K] EHPVENTQLQNEK,VNTEIT [K] APLSASMIK,8,7,801,318,sp|CAS9HALO|CAS9HALO,sp|CAS9HALO|CAS9HALO,CAS9HALO,CAS9HALO,FALSE,1,1
VNTEIT [K] APLSASMIK <=> G [K] SDNVPSEEVVKK,Intralink,VNTEIT [K] APLSASMIK,G [K] SDNVPSEEVVKK,7,2,318,870,sp|CAS9HALO|CAS9HALO,sp|CAS9HALO|CAS9HALO,CAS9HALO,CAS9HALO,FALSE,1,1
FIKPILE [K] MDGTEELLVK <=>  [K] VLSMPQVNIVK,Intralink,FIKPILE [K] MDGTEELLVK, [K] VLSMPQVNIVK,8,1,386,1089,sp|CAS9HALO|CAS9HALO,sp|CAS9HALO|CAS9HALO,CAS9HALO,CAS9HALO,FALSE,1,1
KVLSMPQVNIV [K] K <=> LP [K] YSLFELENGR,Intralink,KVLSMPQVNIV [K] K,LP [K] YSLFELENGR,12,3,1100,1204,sp|CAS9HALO|CAS9HALO,sp|CAS9HALO|CAS9HALO,CAS9HALO,CAS9HALO,FALSE,1,1
 [K] SEETITPWNFEEVVDK <=> VVDELV [K] VMGR,Intralink, [K] SEETITPWNFEEVVDK,VVDELV [K] VMGR,1,7,472,753,sp|CAS9HALO|CAS9HALO,sp|CAS9HALO|CAS9HALO,CAS9HALO,CAS9HALO,FALSE,1,1
 [K] SEETITPWNFEEVVDK <=> VNTEIT [K] APLSASMIK,Intralink, [K] SEETITPWNFEEVVDK,VNTEIT [K] APLSASMIK,1,7,472,318,sp|CAS9HALO|CAS9HALO,sp|CAS9HALO|CAS9HALO,CAS9HALO,CAS9HALO,FALSE,1,1
SEETITPWNFEEVVD [K] GASAQSFIER <=> SSFE [K] NPIDFLEAK,Intralink,SEETITPWNFEEVVD [K] GASAQSFIER,SSFE [K] NPIDFLEAK,16,5,488,1180,sp|CAS9HALO|CAS9HALO,sp|CAS9HALO|CAS9HALO,CAS9HALO,CAS9HALO,FALSE,1,1
GILQTV [K] VVDELVK <=> MTNFD [K] NLPNEK,Intralink,GILQTV [K] VVDELVK,MTNFD [K] NLPNEK,7,6,746,504,sp|CAS9HALO|CAS9HALO,sp|CAS9HALO|CAS9HALO,CAS9HALO,CAS9HALO,FALSE,2,1
VLP [K] HSLLYEYFTVYNELTK <=> MTNFD [K] NLPNEK,Intralink,VLP [K] HSLLYEYFTVYNELTK,MTNFD [K] NLPNEK,4,6,514,504,sp|CAS9HALO|CAS9HALO,sp|CAS9HALO|CAS9HALO,CAS9HALO,CAS9HALO,FALSE,1,1
HSLLYEYFTVYNELT [K] VK <=> MTNFD [K] NLPNEK,Intralink,HSLLYEYFTVYNELT [K] VK,MTNFD [K] NLPNEK,16,6,530,504,sp|CAS9HALO|CAS9HALO,sp|CAS9HALO|CAS9HALO,CAS9HALO,CAS9HALO,FALSE,2,1
IEEGI [K] ELGSQILK <=> LENLIAQLPGE [K] K,Intralink,IEEGI [K] ELGSQILK,LENLIAQLPGE [K] K,6,12,793,237,sp|CAS9HALO|CAS9HALO,sp|CAS9HALO|CAS9HALO,CAS9HALO,CAS9HALO,FALSE,1,0.9999999999999998
HPIFGNIVDEVAYHE [K] YPTIYHLR <=> LVDSTD [K] ADLR,Intralink,HPIFGNIVDEVAYHE [K] YPTIYHLR,LVDSTD [K] ADLR,16,7,135,152,sp|CAS9HALO|CAS9HALO,sp|CAS9HALO|CAS9HALO,CAS9HALO,CAS9HALO,FALSE,1,0.9999999999999998
YP [K] LESEFVYGDYK <=> SEQEIG [K] ATAK,Intralink,YP [K] LESEFVYGDYK,SEQEIG [K] ATAK,3,7,1007,1035,sp|CAS9HALO|CAS9HALO,sp|CAS9HALO|CAS9HALO,CAS9HALO,CAS9HALO,FALSE,1,0.9999999999999998
HPIFGNIVDEVAYHE [K] YPTIYHLR <=> LENLIAQLPGE [K] K,Intralink,HPIFGNIVDEVAYHE [K] YPTIYHLR,LENLIAQLPGE [K] K,16,12,135,237,sp|CAS9HALO|CAS9HALO,sp|CAS9HALO|CAS9HALO,CAS9HALO,CAS9HALO,FALSE,1,0.9999999999999998
G [K] SDNVPSEEVVKK <=> SEQEIG [K] ATAK,Intralink,G [K] SDNVPSEEVVKK,SEQEIG [K] ATAK,2,7,870,1035,sp|CAS9HALO|CAS9HALO,sp|CAS9HALO|CAS9HALO,CAS9HALO,CAS9HALO,FALSE,1,0.9999999999999996
YVNFLYLASHYE [K] LK <=> ENQTTQ [K] GQK,Intralink,YVNFLYLASHYE [K] LK,ENQTTQ [K] GQK,13,7,1248,776,sp|CAS9HALO|CAS9HALO,sp|CAS9HALO|CAS9HALO,CAS9HALO,CAS9HALO,FALSE,1,0.9999999999999993
YDEHHQDLTLL [K] ALVR <=> LEESFLVEED [K] K,Intralink,YDEHHQDLTLL [K] ALVR,LEESFLVEED [K] K,12,11,340,115,sp|CAS9HALO|CAS9HALO,sp|CAS9HALO|CAS9HALO,CAS9HALO,CAS9HALO,FALSE,1,0.9999999999999991
MTNFD [K] NLPNEK <=> SEQEIG [K] ATAK,Intralink,MTNFD [K] NLPNEK,SEQEIG [K] ATAK,6,7,504,1035,sp|CAS9HALO|CAS9HALO,sp|CAS9HALO|CAS9HALO,CAS9HALO,CAS9HALO,FALSE,1,0.9999999999999989
EDIQ [K] AQVSGQGDSLHEHIANLAGSPAIK <=> SSFE [K] NPIDFLEAK,Intralink,EDIQ [K] AQVSGQGDSLHEHIANLAGSPAIK,SSFE [K] NPIDFLEAK,5,5,714,1180,sp|CAS9HALO|CAS9HALO,sp|CAS9HALO|CAS9HALO,CAS9HALO,CAS9HALO,FALSE,1,0.9999999999999987
GNELALPS [K] YVNFLYLASHYEK <=>  [K] VLSMPQVNIVKK,Intralink,GNELALPS [K] YVNFLYLASHYEK, [K] VLSMPQVNIVKK,9,1,1235,1089,sp|CAS9HALO|CAS9HALO,sp|CAS9HALO|CAS9HALO,CAS9HALO,CAS9HALO,FALSE,1,0.9999999999999982
VNTEIT [K] APLSASMIK <=> G [K] SDNVPSEEVVK,Intralink,VNTEIT [K] APLSASMIK,G [K] SDNVPSEEVVK,7,2,318,870,sp|CAS9HALO|CAS9HALO,sp|CAS9HALO|CAS9HALO,CAS9HALO,CAS9HALO,FALSE,1,0.9999999999999976
HPIFGNIVDEVAYHE [K] YPTIYHLR <=>  [K] PAFLSGEQK,Intralink,HPIFGNIVDEVAYHE [K] YPTIYHLR, [K] PAFLSGEQK,16,1,135,540,sp|CAS9HALO|CAS9HALO,sp|CAS9HALO|CAS9HALO,CAS9HALO,CAS9HALO,FALSE,1,0.9999999999999973
SSFE [K] NPIDFLEAK <=> MTNFD [K] NLPNEK,Intralink,SSFE [K] NPIDFLEAK,MTNFD [K] NLPNEK,5,6,1180,504,sp|CAS9HALO|CAS9HALO,sp|CAS9HALO|CAS9HALO,CAS9HALO,CAS9HALO,FALSE,2,0.9999999999999971
 [K] SEETITPWNFEEVVDK <=> MTNFD [K] NLPNEK,Intralink, [K] SEETITPWNFEEVVDK,MTNFD [K] NLPNEK,1,6,472,504,sp|CAS9HALO|CAS9HALO,sp|CAS9HALO|CAS9HALO,CAS9HALO,CAS9HALO,FALSE,1,0.9999999999999971
GNELALPS [K] YVNFLYLASHYEK <=> IEEGI [K] ELGSQILK,Intralink,GNELALPS [K] YVNFLYLASHYEK,IEEGI [K] ELGSQILK,9,6,1235,793,sp|CAS9HALO|CAS9HALO,sp|CAS9HALO|CAS9HALO,CAS9HALO,CAS9HALO,FALSE,1,0.9999999999999931
GNELALPS [K] YVNFLYLASHYEK <=> G [K] SDNVPSEEVVK,Intralink,GNELALPS [K] YVNFLYLASHYEK,G [K] SDNVPSEEVVK,9,2,1235,870,sp|CAS9HALO|CAS9HALO,sp|CAS9HALO|CAS9HALO,CAS9HALO,CAS9HALO,FALSE,1,0.9999999999999873
NGYAGYIDGGASQEEFY [K] FIKPILEK <=> SNFDLAEDA [K] LQLSK,Intralink,NGYAGYIDGGASQEEFY [K] FIKPILEK,SNFDLAEDA [K] LQLSK,18,10,378,267,sp|CAS9HALO|CAS9HALO,sp|CAS9HALO|CAS9HALO,CAS9HALO,CAS9HALO,FALSE,1,0.9999999999999873
EQAENIIHLFTLTNLGAPAAF [K] YFDTTIDR <=> L [K] GSPEDNEQK,Intralink,EQAENIIHLFTLTNLGAPAAF [K] YFDTTIDR,L [K] GSPEDNEQK,22,2,1329,1250,sp|CAS9HALO|CAS9HALO,sp|CAS9HALO|CAS9HALO,CAS9HALO,CAS9HALO,FALSE,1,0.9999999999999842
KYP [K] LESEFVYGDYK <=> SEQEIG [K] ATAK,Intralink,KYP [K] LESEFVYGDYK,SEQEIG [K] ATAK,4,7,1007,1035,sp|CAS9HALO|CAS9HALO,sp|CAS9HALO|CAS9HALO,CAS9HALO,CAS9HALO,FALSE,1,0.9999999999999836
EDIQ [K] AQVSGQGDSLHEHIANLAGSPAIKK <=> VVDELV [K] VMGR,Intralink,EDIQ [K] AQVSGQGDSLHEHIANLAGSPAIKK,VVDELV [K] VMGR,5,7,714,753,sp|CAS9HALO|CAS9HALO,sp|CAS9HALO|CAS9HALO,CAS9HALO,CAS9HALO,FALSE,1,0.9999999999999822
LEESFLVEED [K] K <=> Y [K] EIFFDQSK,Intralink,LEESFLVEED [K] K,Y [K] EIFFDQSK,11,2,115,352,sp|CAS9HALO|CAS9HALO,sp|CAS9HALO|CAS9HALO,CAS9HALO,CAS9HALO,FALSE,1,0.9999999999999689
HPIFGNIVDEVAYHE [K] YPTIYHLR <=> Y [K] EIFFDQSK,Intralink,HPIFGNIVDEVAYHE [K] YPTIYHLR,Y [K] EIFFDQSK,16,2,135,352,sp|CAS9HALO|CAS9HALO,sp|CAS9HALO|CAS9HALO,CAS9HALO,CAS9HALO,FALSE,1,0.999999999999964
LP [K] YSLFELENGR <=> NSD [K] LIAR,Intralink,LP [K] YSLFELENGR,NSD [K] LIAR,3,4,1204,1122,sp|CAS9HALO|CAS9HALO,sp|CAS9HALO|CAS9HALO,CAS9HALO,CAS9HALO,FALSE,1,0.9999999999999603
 [K] RPLIETNGETGEIVWDK <=> SEQEIG [K] ATAK,Intralink, [K] RPLIETNGETGEIVWDK,SEQEIG [K] ATAK,1,7,1063,1035,sp|CAS9HALO|CAS9HALO,sp|CAS9HALO|CAS9HALO,CAS9HALO,CAS9HALO,FALSE,1,0.9999999999999392
YDEHHQDLTLL [K] ALVR <=> SSFE [K] NPIDFLEAK,Intralink,YDEHHQDLTLL [K] ALVR,SSFE [K] NPIDFLEAK,12,5,340,1180,sp|CAS9HALO|CAS9HALO,sp|CAS9HALO|CAS9HALO,CAS9HALO,CAS9HALO,FALSE,1,0.9999999999999365
KTEVQTGGFS [K] ESILPK <=> NSD [K] LIAR,Intralink,KTEVQTGGFS [K] ESILPK,NSD [K] LIAR,11,4,1111,1122,sp|CAS9HALO|CAS9HALO,sp|CAS9HALO|CAS9HALO,CAS9HALO,CAS9HALO,FALSE,1,0.9999999999998843
KGILQTV [K] VVDELVK <=> KDLII [K] LPK,Intralink,KGILQTV [K] VVDELVK,KDLII [K] LPK,8,6,746,1201,sp|CAS9HALO|CAS9HALO,sp|CAS9HALO|CAS9HALO,CAS9HALO,CAS9HALO,FALSE,1,0.9999999999998754
GNELALPS [K] YVNFLYLASHYEK <=>  [K] VLSMPQVNIVK,Intralink,GNELALPS [K] YVNFLYLASHYEK, [K] VLSMPQVNIVK,9,1,1235,1089,sp|CAS9HALO|CAS9HALO,sp|CAS9HALO|CAS9HALO,CAS9HALO,CAS9HALO,FALSE,2,0.9999999999998257
LKGSPEDNEQ [K] QLFVEQHK <=>  [K] RPLIETNGETGEIVWDK,Intralink,LKGSPEDNEQ [K] QLFVEQHK, [K] RPLIETNGETGEIVWDK,11,1,1259,1063,sp|CAS9HALO|CAS9HALO,sp|CAS9HALO|CAS9HALO,CAS9HALO,CAS9HALO,FALSE,1,0.9999999999998059
EDIQ [K] AQVSGQGDSLHEHIANLAGSPAIK <=> KDLII [K] LPK,Intralink,EDIQ [K] AQVSGQGDSLHEHIANLAGSPAIK,KDLII [K] LPK,5,6,714,1201,sp|CAS9HALO|CAS9HALO,sp|CAS9HALO|CAS9HALO,CAS9HALO,CAS9HALO,FALSE,1,0.9999999999997509
VILADANLD [K] VLSAYNK <=> Y [K] EIFFDQSK,Intralink,VILADANLD [K] VLSAYNK,Y [K] EIFFDQSK,10,2,1293,352,sp|CAS9HALO|CAS9HALO,sp|CAS9HALO|CAS9HALO,CAS9HALO,CAS9HALO,FALSE,1,0.9999999999997384
GNELALPS [K] YVNFLYLASHYEK <=>  [K] PAFLSGEQK,Intralink,GNELALPS [K] YVNFLYLASHYEK, [K] PAFLSGEQK,9,1,1235,540,sp|CAS9HALO|CAS9HALO,sp|CAS9HALO|CAS9HALO,CAS9HALO,CAS9HALO,FALSE,1,0.9999999999996629
MTNFD [K] NLPNEK <=> LVDSTD [K] ADLR,Intralink,MTNFD [K] NLPNEK,LVDSTD [K] ADLR,6,7,504,152,sp|CAS9HALO|CAS9HALO,sp|CAS9HALO|CAS9HALO,CAS9HALO,CAS9HALO,FALSE,1,0.9999999999996536
SSFE [K] NPIDFLEAK <=> DKQSG [K] TILDFLK,Intralink,SSFE [K] NPIDFLEAK,DKQSG [K] TILDFLK,5,6,1180,681,sp|CAS9HALO|CAS9HALO,sp|CAS9HALO|CAS9HALO,CAS9HALO,CAS9HALO,FALSE,1,0.9999999999996345
TEVQTGGFS [K] ESILPK <=> KVLSMPQVNIV [K] K,Intralink,TEVQTGGFS [K] ESILPK,KVLSMPQVNIV [K] K,10,12,1111,1100,sp|CAS9HALO|CAS9HALO,sp|CAS9HALO|CAS9HALO,CAS9HALO,CAS9HALO,FALSE,1,0.9999999999995914
GILQTV [K] VVDELVK <=>  [K] TEVQTGGFSK,Intralink,GILQTV [K] VVDELVK, [K] TEVQTGGFSK,7,1,746,1101,sp|CAS9HALO|CAS9HALO,sp|CAS9HALO|CAS9HALO,CAS9HALO,CAS9HALO,FALSE,2,0.9999999999995592
 [K] RPLIETNGETGEIVWDK <=> G [K] SDNVPSEEVVK,Intralink, [K] RPLIETNGETGEIVWDK,G [K] SDNVPSEEVVK,1,2,1063,870,sp|CAS9HALO|CAS9HALO,sp|CAS9HALO|CAS9HALO,CAS9HALO,CAS9HALO,FALSE,1,0.9999999999995461
YDEHHQDLTLL [K] ALVR <=> NSD [K] LIAR,Intralink,YDEHHQDLTLL [K] ALVR,NSD [K] LIAR,12,4,340,1122,sp|CAS9HALO|CAS9HALO,sp|CAS9HALO|CAS9HALO,CAS9HALO,CAS9HALO,FALSE,1,0.9999999999994698
LEESFLVEEDK [K] HER <=> NSD [K] LIAR,Intralink,LEESFLVEEDK [K] HER,NSD [K] LIAR,12,4,116,1122,sp|CAS9HALO|CAS9HALO,sp|CAS9HALO|CAS9HALO,CAS9HALO,CAS9HALO,FALSE,1,0.999999999999464
LENLIAQLPGE [K] K <=> ENQTTQ [K] GQK,Intralink,LENLIAQLPGE [K] K,ENQTTQ [K] GQK,12,7,237,776,sp|CAS9HALO|CAS9HALO,sp|CAS9HALO|CAS9HALO,CAS9HALO,CAS9HALO,FALSE,1,0.9999999999994049
GNELALPS [K] YVNFLYLASHYEK <=> NSD [K] LIAR,Intralink,GNELALPS [K] YVNFLYLASHYEK,NSD [K] LIAR,9,4,1235,1122,sp|CAS9HALO|CAS9HALO,sp|CAS9HALO|CAS9HALO,CAS9HALO,CAS9HALO,FALSE,1,0.9999999999993374
MTNFD [K] NLPNEK <=>  [K] PAFLSGEQK,Intralink,MTNFD [K] NLPNEK, [K] PAFLSGEQK,6,1,504,540,sp|CAS9HALO|CAS9HALO,sp|CAS9HALO|CAS9HALO,CAS9HALO,CAS9HALO,FALSE,1,0.9999999999992182
YDEHHQDLTLL [K] ALVR <=> LEESFLVEEDK [K] HER,Intralink,YDEHHQDLTLL [K] ALVR,LEESFLVEEDK [K] HER,12,12,340,116,sp|CAS9HALO|CAS9HALO,sp|CAS9HALO|CAS9HALO,CAS9HALO,CAS9HALO,FALSE,2,0.99999999999919
 [K] RPLIETNGETGEIVWDK <=> VNTEIT [K] APLSASMIK,Intralink, [K] RPLIETNGETGEIVWDK,VNTEIT [K] APLSASMIK,1,7,1063,318,sp|CAS9HALO|CAS9HALO,sp|CAS9HALO|CAS9HALO,CAS9HALO,CAS9HALO,FALSE,1,0.9999999999991855
KTEVQTGGFS [K] ESILPK <=> ENQTTQ [K] GQK,Intralink,KTEVQTGGFS [K] ESILPK,ENQTTQ [K] GQK,11,7,1111,776,sp|CAS9HALO|CAS9HALO,sp|CAS9HALO|CAS9HALO,CAS9HALO,CAS9HALO,FALSE,1,0.9999999999985987
VNTEIT [K] APLSASMIK <=>  [K] PAFLSGEQK,Intralink,VNTEIT [K] APLSASMIK, [K] PAFLSGEQK,7,1,318,540,sp|CAS9HALO|CAS9HALO,sp|CAS9HALO|CAS9HALO,CAS9HALO,CAS9HALO,FALSE,1,0.9999999999984825
YVNFLYLASHYE [K] LK <=> DDSIDN [K] VLTR,Intralink,YVNFLYLASHYE [K] LK,DDSIDN [K] VLTR,13,7,1248,859,sp|CAS9HALO|CAS9HALO,sp|CAS9HALO|CAS9HALO,CAS9HALO,CAS9HALO,FALSE,1,0.9999999999984057
HPIFGNIVDEVAYHE [K] YPTIYHLR <=> NSD [K] LIAR,Intralink,HPIFGNIVDEVAYHE [K] YPTIYHLR,NSD [K] LIAR,16,4,135,1122,sp|CAS9HALO|CAS9HALO,sp|CAS9HALO|CAS9HALO,CAS9HALO,CAS9HALO,FALSE,1,0.999999999998372
VLP [K] HSLLYEYFTVYNELTK <=> NSD [K] LIAR,Intralink,VLP [K] HSLLYEYFTVYNELTK,NSD [K] LIAR,4,4,514,1122,sp|CAS9HALO|CAS9HALO,sp|CAS9HALO|CAS9HALO,CAS9HALO,CAS9HALO,FALSE,1,0.9999999999983642
VNTEIT [K] APLSASMIK <=> NSD [K] LIAR,Intralink,VNTEIT [K] APLSASMIK,NSD [K] LIAR,7,4,318,1122,sp|CAS9HALO|CAS9HALO,sp|CAS9HALO|CAS9HALO,CAS9HALO,CAS9HALO,FALSE,1,0.9999999999983373
LEESFLVEEDK [K] HER <=> Y [K] EIFFDQSK,Intralink,LEESFLVEEDK [K] HER,Y [K] EIFFDQSK,12,2,116,352,sp|CAS9HALO|CAS9HALO,sp|CAS9HALO|CAS9HALO,CAS9HALO,CAS9HALO,FALSE,2,0.9999999999982503
RLENLIAQLPGE [K] K <=> ENQTTQ [K] GQK,Intralink,RLENLIAQLPGE [K] K,ENQTTQ [K] GQK,13,7,237,776,sp|CAS9HALO|CAS9HALO,sp|CAS9HALO|CAS9HALO,CAS9HALO,CAS9HALO,FALSE,1,0.9999999999982108
G [K] SDNVPSEEVVK <=> Y [K] EIFFDQSK,Intralink,G [K] SDNVPSEEVVK,Y [K] EIFFDQSK,2,2,870,352,sp|CAS9HALO|CAS9HALO,sp|CAS9HALO|CAS9HALO,CAS9HALO,CAS9HALO,FALSE,1,0.9999999999980616
 [K] YGGFDSPTVAYSVLVVAK <=> NSD [K] LIAR,Intralink, [K] YGGFDSPTVAYSVLVVAK,NSD [K] LIAR,1,4,1134,1122,sp|CAS9HALO|CAS9HALO,sp|CAS9HALO|CAS9HALO,CAS9HALO,CAS9HALO,FALSE,1,0.9999999999967335
LESEFVYGDY [K] VYDVR <=> NSD [K] LIAR,Intralink,LESEFVYGDY [K] VYDVR,NSD [K] LIAR,11,4,1018,1122,sp|CAS9HALO|CAS9HALO,sp|CAS9HALO|CAS9HALO,CAS9HALO,CAS9HALO,FALSE,1,0.9999999999963431
YDEHHQDLTLL [K] ALVR <=>  [K] PAFLSGEQK,Intralink,YDEHHQDLTLL [K] ALVR, [K] PAFLSGEQK,12,1,340,540,sp|CAS9HALO|CAS9HALO,sp|CAS9HALO|CAS9HALO,CAS9HALO,CAS9HALO,FALSE,1,0.9999999999960663
EQAENIIHLFTLTNLGAPAAF [K] YFDTTIDR <=> ENQTTQ [K] GQK,Intralink,EQAENIIHLFTLTNLGAPAAF [K] YFDTTIDR,ENQTTQ [K] GQK,22,7,1329,776,sp|CAS9HALO|CAS9HALO,sp|CAS9HALO|CAS9HALO,CAS9HALO,CAS9HALO,FALSE,1,0.9999999999955402
 [K] VLSMPQVNIVK <=> APLSASMI [K] R,Intralink, [K] VLSMPQVNIVK,APLSASMI [K] R,1,9,1089,327,sp|CAS9HALO|CAS9HALO,sp|CAS9HALO|CAS9HALO,CAS9HALO,CAS9HALO,FALSE,1,0.9999999999952514
GNELALPS [K] YVNFLYLASHYEK <=> APLSASMI [K] R,Intralink,GNELALPS [K] YVNFLYLASHYEK,APLSASMI [K] R,9,9,1235,327,sp|CAS9HALO|CAS9HALO,sp|CAS9HALO|CAS9HALO,CAS9HALO,CAS9HALO,FALSE,1,0.9999999999949372
LENLIAQLPGE [K] K <=> QLLNA [K] LITQR,Intralink,LENLIAQLPGE [K] K,QLLNA [K] LITQR,12,6,237,894,sp|CAS9HALO|CAS9HALO,sp|CAS9HALO|CAS9HALO,CAS9HALO,CAS9HALO,FALSE,1,0.9999999999943252
NGYAGYIDGGASQEEFY [K] FIKPILEK <=> NSD [K] LIAR,Intralink,NGYAGYIDGGASQEEFY [K] FIKPILEK,NSD [K] LIAR,18,4,378,1122,sp|CAS9HALO|CAS9HALO,sp|CAS9HALO|CAS9HALO,CAS9HALO,CAS9HALO,FALSE,1,0.999999999993781
YDEHHQDLTLL [K] ALVR <=> IE [K] ILTFR,Intralink,YDEHHQDLTLL [K] ALVR,IE [K] ILTFR,12,3,340,446,sp|CAS9HALO|CAS9HALO,sp|CAS9HALO|CAS9HALO,CAS9HALO,CAS9HALO,FALSE,1,0.9999999999934963
LP [K] YSLFELENGRK <=> VLSMPQVNIV [K] K,Intralink,LP [K] YSLFELENGRK,VLSMPQVNIV [K] K,3,11,1204,1100,sp|CAS9HALO|CAS9HALO,sp|CAS9HALO|CAS9HALO,CAS9HALO,CAS9HALO,FALSE,2,0.9999999999934033
KVLSMPQVNIV [K] K <=> ENQTTQ [K] GQK,Intralink,KVLSMPQVNIV [K] K,ENQTTQ [K] GQK,12,7,1100,776,sp|CAS9HALO|CAS9HALO,sp|CAS9HALO|CAS9HALO,CAS9HALO,CAS9HALO,FALSE,1,0.9999999999910065
 [K] SEETITPWNFEEVVDK <=> F [K] VLGNTDR,Intralink, [K] SEETITPWNFEEVVDK,F [K] VLGNTDR,1,2,472,37,sp|CAS9HALO|CAS9HALO,sp|CAS9HALO|CAS9HALO,CAS9HALO,CAS9HALO,FALSE,1,0.9999999999904312
LP [K] YSLFELENGR <=> VLSMPQVNIV [K] K,Intralink,LP [K] YSLFELENGR,VLSMPQVNIV [K] K,3,11,1204,1100,sp|CAS9HALO|CAS9HALO,sp|CAS9HALO|CAS9HALO,CAS9HALO,CAS9HALO,FALSE,2,0.9999999999877565
YDEHHQDLTLL [K] ALVR <=> Y [K] EIFFDQSK,Intralink,YDEHHQDLTLL [K] ALVR,Y [K] EIFFDQSK,12,2,340,352,sp|CAS9HALO|CAS9HALO,sp|CAS9HALO|CAS9HALO,CAS9HALO,CAS9HALO,FALSE,5,0.9999999999871627
VVDELV [K] VMGR <=> MNT [K] YDENDK,Intralink,VVDELV [K] VMGR,MNT [K] YDENDK,7,4,753,946,sp|CAS9HALO|CAS9HALO,sp|CAS9HALO|CAS9HALO,CAS9HALO,CAS9HALO,FALSE,1,0.9999999999862716
HYLDEIIEQISEFS [K] R <=> NSD [K] LIAR,Intralink,HYLDEIIEQISEFS [K] R,NSD [K] LIAR,15,4,1282,1122,sp|CAS9HALO|CAS9HALO,sp|CAS9HALO|CAS9HALO,CAS9HALO,CAS9HALO,FALSE,1,0.9999999999856723
SEQEIG [K] ATAK <=> Y [K] EIFFDQSK,Intralink,SEQEIG [K] ATAK,Y [K] EIFFDQSK,7,2,1035,352,sp|CAS9HALO|CAS9HALO,sp|CAS9HALO|CAS9HALO,CAS9HALO,CAS9HALO,FALSE,1,0.9999999999850144
TEVQTGGFS [K] ESILPK <=> NSD [K] LIAR,Intralink,TEVQTGGFS [K] ESILPK,NSD [K] LIAR,10,4,1111,1122,sp|CAS9HALO|CAS9HALO,sp|CAS9HALO|CAS9HALO,CAS9HALO,CAS9HALO,FALSE,1,0.9999999999839453
EDIQ [K] AQVSGQGDSLHEHIANLAGSPAIKK <=> KTEVQTGGFS [K] ESILPK,Intralink,EDIQ [K] AQVSGQGDSLHEHIANLAGSPAIKK,KTEVQTGGFS [K] ESILPK,5,11,714,1111,sp|CAS9HALO|CAS9HALO,sp|CAS9HALO|CAS9HALO,CAS9HALO,CAS9HALO,FALSE,1,0.9999999999830449
SSFE [K] NPIDFLEAK <=> NSD [K] LIAR,Intralink,SSFE [K] NPIDFLEAK,NSD [K] LIAR,5,4,1180,1122,sp|CAS9HALO|CAS9HALO,sp|CAS9HALO|CAS9HALO,CAS9HALO,CAS9HALO,FALSE,1,0.9999999999817473
EHPVENTQLQNE [K] LYLYYLQNGR <=> GSPEDNEQ [K] QLFVEQHK,Intralink,EHPVENTQLQNE [K] LYLYYLQNGR,GSPEDNEQ [K] QLFVEQHK,13,9,814,1259,sp|CAS9HALO|CAS9HALO,sp|CAS9HALO|CAS9HALO,CAS9HALO,CAS9HALO,FALSE,1,0.9999999999748879
EKIE [K] ILTFR <=> YDEND [K] LIR,Intralink,EKIE [K] ILTFR,YDEND [K] LIR,5,6,446,952,sp|CAS9HALO|CAS9HALO,sp|CAS9HALO|CAS9HALO,CAS9HALO,CAS9HALO,FALSE,1,0.9999999999709575
YSIGLAIGTNSVGWAVITDEYKVPS [K] K <=> F [K] VLGNTDR,Intralink,YSIGLAIGTNSVGWAVITDEYKVPS [K] K,F [K] VLGNTDR,26,2,34,37,sp|CAS9HALO|CAS9HALO,sp|CAS9HALO|CAS9HALO,CAS9HALO,CAS9HALO,FALSE,1,0.9999999999651714
LP [K] YSLFELENGR <=> ENQTTQ [K] GQK,Intralink,LP [K] YSLFELENGR,ENQTTQ [K] GQK,3,7,1204,776,sp|CAS9HALO|CAS9HALO,sp|CAS9HALO|CAS9HALO,CAS9HALO,CAS9HALO,FALSE,1,0.9999999999633471
EDIQ [K] AQVSGQGDSLHEHIANLAGSPAIKK <=> DLII [K] LPK,Intralink,EDIQ [K] AQVSGQGDSLHEHIANLAGSPAIKK,DLII [K] LPK,5,5,714,1201,sp|CAS9HALO|CAS9HALO,sp|CAS9HALO|CAS9HALO,CAS9HALO,CAS9HALO,FALSE,1,0.9999999999629718
TEVQTGGFS [K] ESILPK <=> LP [K] YSLFELENGRK,Intralink,TEVQTGGFS [K] ESILPK,LP [K] YSLFELENGRK,10,3,1111,1204,sp|CAS9HALO|CAS9HALO,sp|CAS9HALO|CAS9HALO,CAS9HALO,CAS9HALO,FALSE,1,0.99999999995858
 [K] PAFLSGEQK <=> Y [K] EIFFDQSK,Intralink, [K] PAFLSGEQK,Y [K] EIFFDQSK,1,2,540,352,sp|CAS9HALO|CAS9HALO,sp|CAS9HALO|CAS9HALO,CAS9HALO,CAS9HALO,FALSE,1,0.9999999999568434
HPIFGNIVDEVAYHE [K] YPTIYHLR <=>  [K] PAFLSGEQKK,Intralink,HPIFGNIVDEVAYHE [K] YPTIYHLR, [K] PAFLSGEQKK,16,1,135,540,sp|CAS9HALO|CAS9HALO,sp|CAS9HALO|CAS9HALO,CAS9HALO,CAS9HALO,FALSE,1,0.9999999999545983
SNFDLAEDA [K] LQLSK <=> NSD [K] LIAR,Intralink,SNFDLAEDA [K] LQLSK,NSD [K] LIAR,10,4,267,1122,sp|CAS9HALO|CAS9HALO,sp|CAS9HALO|CAS9HALO,CAS9HALO,CAS9HALO,FALSE,1,0.9999999999525069
LKGSPEDNEQ [K] QLFVEQHK <=> ENQTTQ [K] GQK,Intralink,LKGSPEDNEQ [K] QLFVEQHK,ENQTTQ [K] GQK,11,7,1259,776,sp|CAS9HALO|CAS9HALO,sp|CAS9HALO|CAS9HALO,CAS9HALO,CAS9HALO,FALSE,1,0.9999999999470472
EIFFDQS [K] NGYAGYIDGGASQEEFYK <=> QQLPE [K] YK,Intralink,EIFFDQS [K] NGYAGYIDGGASQEEFYK,QQLPE [K] YK,8,6,360,350,sp|CAS9HALO|CAS9HALO,sp|CAS9HALO|CAS9HALO,CAS9HALO,CAS9HALO,FALSE,1,0.9999999999445963
LESEFVYGDY [K] VYDVR <=> IE [K] ILTFR,Intralink,LESEFVYGDY [K] VYDVR,IE [K] ILTFR,11,3,1018,446,sp|CAS9HALO|CAS9HALO,sp|CAS9HALO|CAS9HALO,CAS9HALO,CAS9HALO,FALSE,1,0.9999999999413307
ELGSQIL [K] EHPVENTQLQNEK <=> G [K] SDNVPSEEVVK,Intralink,ELGSQIL [K] EHPVENTQLQNEK,G [K] SDNVPSEEVVK,8,2,801,870,sp|CAS9HALO|CAS9HALO,sp|CAS9HALO|CAS9HALO,CAS9HALO,CAS9HALO,FALSE,1,0.999999999940997
 [K] PAFLSGEQK <=>  [K] PAFLSGEQK,Homomeric-inter, [K] PAFLSGEQK, [K] PAFLSGEQK,1,1,540,540,sp|CAS9HALO|CAS9HALO,sp|CAS9HALO|CAS9HALO,CAS9HALO,CAS9HALO,FALSE,1,0.9999999999393987
HPIFGNIVDEVAYHE [K] YPTIYHLR <=>  [K] LVDSTDK,Intralink,HPIFGNIVDEVAYHE [K] YPTIYHLR, [K] LVDSTDK,16,1,135,145,sp|CAS9HALO|CAS9HALO,sp|CAS9HALO|CAS9HALO,CAS9HALO,CAS9HALO,FALSE,1,0.9999999998979279
SSFE [K] NPIDFLEAK <=> QSG [K] TILDFLK,Intralink,SSFE [K] NPIDFLEAK,QSG [K] TILDFLK,5,4,1180,681,sp|CAS9HALO|CAS9HALO,sp|CAS9HALO|CAS9HALO,CAS9HALO,CAS9HALO,FALSE,1,0.9999999998840012
YDEHHQDLTLL [K] ALVR <=> APLSASMI [K] R,Intralink,YDEHHQDLTLL [K] ALVR,APLSASMI [K] R,12,9,340,327,sp|CAS9HALO|CAS9HALO,sp|CAS9HALO|CAS9HALO,CAS9HALO,CAS9HALO,FALSE,1,0.9999999998554796
MTNFD [K] NLPNEK <=> KDLII [K] LPK,Intralink,MTNFD [K] NLPNEK,KDLII [K] LPK,6,6,504,1201,sp|CAS9HALO|CAS9HALO,sp|CAS9HALO|CAS9HALO,CAS9HALO,CAS9HALO,FALSE,1,0.9999999998242912
RYDEHHQDLTLL [K] ALVR <=> QQLPEKY [K] EIFFDQSK,Intralink,RYDEHHQDLTLL [K] ALVR,QQLPEKY [K] EIFFDQSK,13,8,340,352,sp|CAS9HALO|CAS9HALO,sp|CAS9HALO|CAS9HALO,CAS9HALO,CAS9HALO,FALSE,2,0.9999999997974995
 [K] SEETITPWNFEEVVDK <=> MNT [K] YDENDK,Intralink, [K] SEETITPWNFEEVVDK,MNT [K] YDENDK,1,4,472,946,sp|CAS9HALO|CAS9HALO,sp|CAS9HALO|CAS9HALO,CAS9HALO,CAS9HALO,FALSE,1,0.9999999997938904
ELGSQIL [K] EHPVENTQLQNEK <=> NSD [K] LIAR,Intralink,ELGSQIL [K] EHPVENTQLQNEK,NSD [K] LIAR,8,4,801,1122,sp|CAS9HALO|CAS9HALO,sp|CAS9HALO|CAS9HALO,CAS9HALO,CAS9HALO,FALSE,1,0.9999999997686198
 [K] SEETITPWNFEEVVDK <=> EKIE [K] ILTFR,Intralink, [K] SEETITPWNFEEVVDK,EKIE [K] ILTFR,1,5,472,446,sp|CAS9HALO|CAS9HALO,sp|CAS9HALO|CAS9HALO,CAS9HALO,CAS9HALO,FALSE,1,0.9999999997642461
QQLPEKY [K] EIFFDQSK <=> YDEHHQDLTLL [K] ALVR,Intralink,QQLPEKY [K] EIFFDQSK,YDEHHQDLTLL [K] ALVR,8,12,352,340,sp|CAS9HALO|CAS9HALO,sp|CAS9HALO|CAS9HALO,CAS9HALO,CAS9HALO,FALSE,1,0.9999999997460673
G [K] SDNVPSEEVVK <=> NSD [K] LIAR,Intralink,G [K] SDNVPSEEVVK,NSD [K] LIAR,2,4,870,1122,sp|CAS9HALO|CAS9HALO,sp|CAS9HALO|CAS9HALO,CAS9HALO,CAS9HALO,FALSE,1,0.9999999996980464
TEVQTGGFS [K] ESILPK <=> ENQTTQ [K] GQK,Intralink,TEVQTGGFS [K] ESILPK,ENQTTQ [K] GQK,10,7,1111,776,sp|CAS9HALO|CAS9HALO,sp|CAS9HALO|CAS9HALO,CAS9HALO,CAS9HALO,FALSE,1,0.9999999996959033
MTNFD [K] NLPNEK <=>  [K] GILQTVK,Intralink,MTNFD [K] NLPNEK, [K] GILQTVK,6,1,504,739,sp|CAS9HALO|CAS9HALO,sp|CAS9HALO|CAS9HALO,CAS9HALO,CAS9HALO,FALSE,1,0.9999999996486093
SSFE [K] NPIDFLEAK <=> KDLII [K] LPK,Intralink,SSFE [K] NPIDFLEAK,KDLII [K] LPK,5,6,1180,1201,sp|CAS9HALO|CAS9HALO,sp|CAS9HALO|CAS9HALO,CAS9HALO,CAS9HALO,FALSE,1,0.9999999996398121
EDIQ [K] AQVSGQGDSLHEHIANLAGSPAIKK <=> SSFE [K] NPIDFLEAK,Intralink,EDIQ [K] AQVSGQGDSLHEHIANLAGSPAIKK,SSFE [K] NPIDFLEAK,5,5,714,1180,sp|CAS9HALO|CAS9HALO,sp|CAS9HALO|CAS9HALO,CAS9HALO,CAS9HALO,FALSE,1,0.9999999995973954
 [K] TEVQTGGFSK <=> KDLII [K] LPK,Intralink, [K] TEVQTGGFSK,KDLII [K] LPK,1,6,1101,1201,sp|CAS9HALO|CAS9HALO,sp|CAS9HALO|CAS9HALO,CAS9HALO,CAS9HALO,FALSE,1,0.9999999995451794
ENQTTQ [K] GQK <=> S [K] LVSDFRK,Intralink,ENQTTQ [K] GQK,S [K] LVSDFRK,7,2,776,965,sp|CAS9HALO|CAS9HALO,sp|CAS9HALO|CAS9HALO,CAS9HALO,CAS9HALO,FALSE,1,0.9999999995327284
MTNFD [K] NLPNEK <=> DLII [K] LPK,Intralink,MTNFD [K] NLPNEK,DLII [K] LPK,6,5,504,1201,sp|CAS9HALO|CAS9HALO,sp|CAS9HALO|CAS9HALO,CAS9HALO,CAS9HALO,FALSE,1,0.9999999994991968
MTNFD [K] NLPNEK <=> EKIE [K] ILTFR,Intralink,MTNFD [K] NLPNEK,EKIE [K] ILTFR,6,5,504,446,sp|CAS9HALO|CAS9HALO,sp|CAS9HALO|CAS9HALO,CAS9HALO,CAS9HALO,FALSE,1,0.9999999994975715
SEETITPWNFEEVVD [K] GASAQSFIER <=> F [K] VLGNTDR,Intralink,SEETITPWNFEEVVD [K] GASAQSFIER,F [K] VLGNTDR,16,2,488,37,sp|CAS9HALO|CAS9HALO,sp|CAS9HALO|CAS9HALO,CAS9HALO,CAS9HALO,FALSE,1,0.9999999994021076
VILADANLD [K] VLSAYNK <=> NSD [K] LIAR,Intralink,VILADANLD [K] VLSAYNK,NSD [K] LIAR,10,4,1293,1122,sp|CAS9HALO|CAS9HALO,sp|CAS9HALO|CAS9HALO,CAS9HALO,CAS9HALO,FALSE,1,0.9999999990765744
 [K] SEETITPWNFEEVVDK <=> IE [K] ILTFR,Intralink, [K] SEETITPWNFEEVVDK,IE [K] ILTFR,1,3,472,446,sp|CAS9HALO|CAS9HALO,sp|CAS9HALO|CAS9HALO,CAS9HALO,CAS9HALO,FALSE,1,0.9999999989288795
G [K] SDNVPSEEVVKK <=> Y [K] EIFFDQSK,Intralink,G [K] SDNVPSEEVVKK,Y [K] EIFFDQSK,2,2,870,352,sp|CAS9HALO|CAS9HALO,sp|CAS9HALO|CAS9HALO,CAS9HALO,CAS9HALO,FALSE,2,0.999999998926183
 [K] YGGFDSPTVAYSVLVVAK <=> ENQTTQ [K] GQK,Intralink, [K] YGGFDSPTVAYSVLVVAK,ENQTTQ [K] GQK,1,7,1134,776,sp|CAS9HALO|CAS9HALO,sp|CAS9HALO|CAS9HALO,CAS9HALO,CAS9HALO,FALSE,1,0.9999999988260062
ENQTTQ [K] GQK <=>  [K] PAFLSGEQK,Intralink,ENQTTQ [K] GQK, [K] PAFLSGEQK,7,1,776,540,sp|CAS9HALO|CAS9HALO,sp|CAS9HALO|CAS9HALO,CAS9HALO,CAS9HALO,FALSE,1,0.9999999986034032
 [K] PAFLSGEQK <=> K [K] DWDPK,Intralink, [K] PAFLSGEQK,K [K] DWDPK,1,2,540,1128,sp|CAS9HALO|CAS9HALO,sp|CAS9HALO|CAS9HALO,CAS9HALO,CAS9HALO,FALSE,1,0.9999999984362953
LKGSPEDNEQ [K] QLFVEQHK <=>  [K] DFQFYK,Intralink,LKGSPEDNEQ [K] QLFVEQHK, [K] DFQFYK,11,1,1259,972,sp|CAS9HALO|CAS9HALO,sp|CAS9HALO|CAS9HALO,CAS9HALO,CAS9HALO,FALSE,1,0.9999999983563697
FIKPILE [K] MDGTEELLVK <=> QQLPE [K] YK,Intralink,FIKPILE [K] MDGTEELLVK,QQLPE [K] YK,8,6,386,350,sp|CAS9HALO|CAS9HALO,sp|CAS9HALO|CAS9HALO,CAS9HALO,CAS9HALO,FALSE,1,0.9999999983338848
FIKPILE [K] MDGTEELLVK <=> F [K] VLGNTDR,Intralink,FIKPILE [K] MDGTEELLVK,F [K] VLGNTDR,8,2,386,37,sp|CAS9HALO|CAS9HALO,sp|CAS9HALO|CAS9HALO,CAS9HALO,CAS9HALO,FALSE,1,0.999999998307346
LP [K] YSLFELENGR <=>  [K] KDWDPKK,Intralink,LP [K] YSLFELENGR, [K] KDWDPKK,3,1,1204,1127,sp|CAS9HALO|CAS9HALO,sp|CAS9HALO|CAS9HALO,CAS9HALO,CAS9HALO,FALSE,1,0.9999999982556573
LESEFVYGDY [K] VYDVR <=> EV [K] VITLK,Intralink,LESEFVYGDY [K] VYDVR,EV [K] VITLK,11,3,1018,958,sp|CAS9HALO|CAS9HALO,sp|CAS9HALO|CAS9HALO,CAS9HALO,CAS9HALO,FALSE,1,0.9999999981352115
ENQTTQ [K] GQK <=> NSD [K] LIAR,Intralink,ENQTTQ [K] GQK,NSD [K] LIAR,7,4,776,1122,sp|CAS9HALO|CAS9HALO,sp|CAS9HALO|CAS9HALO,CAS9HALO,CAS9HALO,FALSE,1,0.9999999980884766
GSPEDNEQ [K] QLFVEQHK <=> ENQTTQ [K] GQK,Intralink,GSPEDNEQ [K] QLFVEQHK,ENQTTQ [K] GQK,9,7,1259,776,sp|CAS9HALO|CAS9HALO,sp|CAS9HALO|CAS9HALO,CAS9HALO,CAS9HALO,FALSE,1,0.999999997852419
Y [K] EIFFDQSK <=> NSD [K] LIAR,Intralink,Y [K] EIFFDQSK,NSD [K] LIAR,2,4,352,1122,sp|CAS9HALO|CAS9HALO,sp|CAS9HALO|CAS9HALO,CAS9HALO,CAS9HALO,FALSE,1,0.9999999974357658
GILQTV [K] VVDELVK <=> DLII [K] LPK,Intralink,GILQTV [K] VVDELVK,DLII [K] LPK,7,5,746,1201,sp|CAS9HALO|CAS9HALO,sp|CAS9HALO|CAS9HALO,CAS9HALO,CAS9HALO,FALSE,1,0.9999999970517026
F [K] VLGNTDR <=> IE [K] ILTFR,Intralink,F [K] VLGNTDR,IE [K] ILTFR,2,3,37,446,sp|CAS9HALO|CAS9HALO,sp|CAS9HALO|CAS9HALO,CAS9HALO,CAS9HALO,FALSE,1,0.9999999969994602
Y [K] EIFFDQSK <=> KKDWDP [K] K,Intralink,Y [K] EIFFDQSK,KKDWDP [K] K,2,7,352,1133,sp|CAS9HALO|CAS9HALO,sp|CAS9HALO|CAS9HALO,CAS9HALO,CAS9HALO,FALSE,2,0.9999999963699542
MNTKYDEND [K] LIR <=> IE [K] ILTFR,Intralink,MNTKYDEND [K] LIR,IE [K] ILTFR,10,3,952,446,sp|CAS9HALO|CAS9HALO,sp|CAS9HALO|CAS9HALO,CAS9HALO,CAS9HALO,FALSE,1,0.9999999954514769
KTEVQTGGFS [K] ESILPK <=> RNSD [K] LIAR,Intralink,KTEVQTGGFS [K] ESILPK,RNSD [K] LIAR,11,5,1111,1122,sp|CAS9HALO|CAS9HALO,sp|CAS9HALO|CAS9HALO,CAS9HALO,CAS9HALO,FALSE,1,0.9999999951298022
 [K] PAFLSGEQK <=> V [K] YVTEGMR,Intralink, [K] PAFLSGEQK,V [K] YVTEGMR,1,2,540,532,sp|CAS9HALO|CAS9HALO,sp|CAS9HALO|CAS9HALO,CAS9HALO,CAS9HALO,FALSE,3,0.999999995104794
L [K] GSPEDNEQK <=>  [K] DFQFYK,Intralink,L [K] GSPEDNEQK, [K] DFQFYK,2,1,1250,972,sp|CAS9HALO|CAS9HALO,sp|CAS9HALO|CAS9HALO,CAS9HALO,CAS9HALO,FALSE,1,0.9999999938471946
DDSIDN [K] VLTR <=>  [K] DFQFYK,Intralink,DDSIDN [K] VLTR, [K] DFQFYK,7,1,859,972,sp|CAS9HALO|CAS9HALO,sp|CAS9HALO|CAS9HALO,CAS9HALO,CAS9HALO,FALSE,1,0.9999999934050685
ELGSQIL [K] EHPVENTQLQNEK <=>  [K] VLSMPQVNIVK,Intralink,ELGSQIL [K] EHPVENTQLQNEK, [K] VLSMPQVNIVK,8,1,801,1089,sp|CAS9HALO|CAS9HALO,sp|CAS9HALO|CAS9HALO,CAS9HALO,CAS9HALO,FALSE,1,0.9999999933858981
GILQTV [K] VVDELVK <=>  [K] LINGIR,Intralink,GILQTV [K] VVDELVK, [K] LINGIR,7,1,746,669,sp|CAS9HALO|CAS9HALO,sp|CAS9HALO|CAS9HALO,CAS9HALO,CAS9HALO,FALSE,1,0.9999999930054284
VNTEIT [K] APLSASMIKR <=>  [K] PAFLSGEQK,Intralink,VNTEIT [K] APLSASMIKR, [K] PAFLSGEQK,7,1,318,540,sp|CAS9HALO|CAS9HALO,sp|CAS9HALO|CAS9HALO,CAS9HALO,CAS9HALO,FALSE,1,0.9999999924900981
 [K] PAFLSGEQKK <=> V [K] YVTEGMR,Intralink, [K] PAFLSGEQKK,V [K] YVTEGMR,1,2,540,532,sp|CAS9HALO|CAS9HALO,sp|CAS9HALO|CAS9HALO,CAS9HALO,CAS9HALO,FALSE,2,0.9999999911155742
 [K] PAFLSGEQK <=> F [K] VLGNTDR,Intralink, [K] PAFLSGEQK,F [K] VLGNTDR,1,2,540,37,sp|CAS9HALO|CAS9HALO,sp|CAS9HALO|CAS9HALO,CAS9HALO,CAS9HALO,FALSE,1,0.9999999907931857
V [K] YVTEGMR <=> NSD [K] LIAR,Intralink,V [K] YVTEGMR,NSD [K] LIAR,2,4,532,1122,sp|CAS9HALO|CAS9HALO,sp|CAS9HALO|CAS9HALO,CAS9HALO,CAS9HALO,FALSE,1,0.9999999897168382
VVDELV [K] VMGR <=>  [K] LINGIR,Intralink,VVDELV [K] VMGR, [K] LINGIR,7,1,753,669,sp|CAS9HALO|CAS9HALO,sp|CAS9HALO|CAS9HALO,CAS9HALO,CAS9HALO,FALSE,1,0.9999999881928759
F [K] VLGNTDR <=> V [K] YVTEGMR,Intralink,F [K] VLGNTDR,V [K] YVTEGMR,2,2,37,532,sp|CAS9HALO|CAS9HALO,sp|CAS9HALO|CAS9HALO,CAS9HALO,CAS9HALO,FALSE,1,0.9999999874927427
L [K] GSPEDNEQK <=> VITL [K] SK,Intralink,L [K] GSPEDNEQK,VITL [K] SK,2,5,1250,963,sp|CAS9HALO|CAS9HALO,sp|CAS9HALO|CAS9HALO,CAS9HALO,CAS9HALO,FALSE,2,0.9999999858551041
Y [K] EIFFDQSK <=> Y [K] EIFFDQSK,Homomeric-inter,Y [K] EIFFDQSK,Y [K] EIFFDQSK,2,2,352,352,sp|CAS9HALO|CAS9HALO,sp|CAS9HALO|CAS9HALO,CAS9HALO,CAS9HALO,FALSE,1,0.9999999858060371
ENQTTQ [K] GQK <=> RNSD [K] LIAR,Intralink,ENQTTQ [K] GQK,RNSD [K] LIAR,7,5,776,1122,sp|CAS9HALO|CAS9HALO,sp|CAS9HALO|CAS9HALO,CAS9HALO,CAS9HALO,FALSE,1,0.999999985226466
L [K] GSPEDNEQK <=> NSD [K] LIAR,Intralink,L [K] GSPEDNEQK,NSD [K] LIAR,2,4,1250,1122,sp|CAS9HALO|CAS9HALO,sp|CAS9HALO|CAS9HALO,CAS9HALO,CAS9HALO,FALSE,1,0.9999999846466083
LP [K] YSLFELENGR <=> K [K] DWDPK,Intralink,LP [K] YSLFELENGR,K [K] DWDPK,3,2,1204,1128,sp|CAS9HALO|CAS9HALO,sp|CAS9HALO|CAS9HALO,CAS9HALO,CAS9HALO,FALSE,1,0.9999999837076012
YDEHHQDLTLL [K] ALVR <=> F [K] VLGNTDR,Intralink,YDEHHQDLTLL [K] ALVR,F [K] VLGNTDR,12,2,340,37,sp|CAS9HALO|CAS9HALO,sp|CAS9HALO|CAS9HALO,CAS9HALO,CAS9HALO,FALSE,1,0.9999999786985083
VVDELV [K] VMGR <=> F [K] VLGNTDR,Intralink,VVDELV [K] VMGR,F [K] VLGNTDR,7,2,753,37,sp|CAS9HALO|CAS9HALO,sp|CAS9HALO|CAS9HALO,CAS9HALO,CAS9HALO,FALSE,2,0.9999999749658774
Y [K] EIFFDQSK <=> VM [K] QLK,Intralink,Y [K] EIFFDQSK,VM [K] QLK,2,3,352,653,sp|CAS9HALO|CAS9HALO,sp|CAS9HALO|CAS9HALO,CAS9HALO,CAS9HALO,FALSE,1,0.9999999749564139
MTNFD [K] NLPNEK <=> IE [K] ILTFR,Intralink,MTNFD [K] NLPNEK,IE [K] ILTFR,6,3,504,446,sp|CAS9HALO|CAS9HALO,sp|CAS9HALO|CAS9HALO,CAS9HALO,CAS9HALO,FALSE,2,0.9999999717698663
HPIFGNIVDEVAYHE [K] YPTIYHLRK <=>  [K] LVDSTDK,Intralink,HPIFGNIVDEVAYHE [K] YPTIYHLRK, [K] LVDSTDK,16,1,135,145,sp|CAS9HALO|CAS9HALO,sp|CAS9HALO|CAS9HALO,CAS9HALO,CAS9HALO,FALSE,1,0.999999966990686
ELGSQIL [K] EHPVENTQLQNEK <=> G [K] SDNVPSEEVVKK,Intralink,ELGSQIL [K] EHPVENTQLQNEK,G [K] SDNVPSEEVVKK,8,2,801,870,sp|CAS9HALO|CAS9HALO,sp|CAS9HALO|CAS9HALO,CAS9HALO,CAS9HALO,FALSE,1,0.999999966132485
Y [K] EIFFDQSK <=> F [K] VLGNTDR,Intralink,Y [K] EIFFDQSK,F [K] VLGNTDR,2,2,352,37,sp|CAS9HALO|CAS9HALO,sp|CAS9HALO|CAS9HALO,CAS9HALO,CAS9HALO,FALSE,1,0.9999999565456473
KTEVQTGGFS [K] ESILPK <=> KKDWDP [K] K,Intralink,KTEVQTGGFS [K] ESILPK,KKDWDP [K] K,11,7,1111,1133,sp|CAS9HALO|CAS9HALO,sp|CAS9HALO|CAS9HALO,CAS9HALO,CAS9HALO,FALSE,1,0.999999954338976
SEQEIG [K] ATAK <=> SEQEIG [K] ATAK,Homomeric-inter,SEQEIG [K] ATAK,SEQEIG [K] ATAK,7,7,1035,1035,sp|CAS9HALO|CAS9HALO,sp|CAS9HALO|CAS9HALO,CAS9HALO,CAS9HALO,FALSE,1,0.9999999518703476
S [K] LVSDFR <=>  [K] DFQFYK,Intralink,S [K] LVSDFR, [K] DFQFYK,2,1,965,972,sp|CAS9HALO|CAS9HALO,sp|CAS9HALO|CAS9HALO,CAS9HALO,CAS9HALO,FALSE,1,0.9999999490622521
LEESFLVEED [K] KHER <=>  [K] LINGIR,Intralink,LEESFLVEED [K] KHER, [K] LINGIR,11,1,115,669,sp|CAS9HALO|CAS9HALO,sp|CAS9HALO|CAS9HALO,CAS9HALO,CAS9HALO,FALSE,2,0.9999999423870867
 [K] PAFLSGEQK <=> K [K] DWDPKK,Intralink, [K] PAFLSGEQK,K [K] DWDPKK,1,2,540,1128,sp|CAS9HALO|CAS9HALO,sp|CAS9HALO|CAS9HALO,CAS9HALO,CAS9HALO,FALSE,1,0.9999999368614052
ENQTTQ [K] GQK <=>  [K] DFQFYK,Intralink,ENQTTQ [K] GQK, [K] DFQFYK,7,1,776,972,sp|CAS9HALO|CAS9HALO,sp|CAS9HALO|CAS9HALO,CAS9HALO,CAS9HALO,FALSE,1,0.9999999300164846
HPIFGNIVDEVAYHE [K] YPTIYHLR <=> D [K] QSGK,Intralink,HPIFGNIVDEVAYHE [K] YPTIYHLR,D [K] QSGK,16,2,135,677,sp|CAS9HALO|CAS9HALO,sp|CAS9HALO|CAS9HALO,CAS9HALO,CAS9HALO,FALSE,1,0.9999999025416095
KTEVQTGGFS [K] ESILPK <=>  [K] LINGIR,Intralink,KTEVQTGGFS [K] ESILPK, [K] LINGIR,11,1,1111,669,sp|CAS9HALO|CAS9HALO,sp|CAS9HALO|CAS9HALO,CAS9HALO,CAS9HALO,FALSE,1,0.9999999023983435
ELGSQIL [K] EHPVENTQLQNEK <=> QQLPE [K] YK,Intralink,ELGSQIL [K] EHPVENTQLQNEK,QQLPE [K] YK,8,6,801,350,sp|CAS9HALO|CAS9HALO,sp|CAS9HALO|CAS9HALO,CAS9HALO,CAS9HALO,FALSE,1,0.9999999023576445
F [K] VLGNTDR <=> YDEND [K] LIR,Intralink,F [K] VLGNTDR,YDEND [K] LIR,2,6,37,952,sp|CAS9HALO|CAS9HALO,sp|CAS9HALO|CAS9HALO,CAS9HALO,CAS9HALO,FALSE,1,0.9999999020381065
TEVQTGGFS [K] ESILPK <=>  [K] LINGIR,Intralink,TEVQTGGFS [K] ESILPK, [K] LINGIR,10,1,1111,669,sp|CAS9HALO|CAS9HALO,sp|CAS9HALO|CAS9HALO,CAS9HALO,CAS9HALO,FALSE,1,0.9999998956124394
YDEND [K] LIR <=> IE [K] ILTFR,Intralink,YDEND [K] LIR,IE [K] ILTFR,6,3,952,446,sp|CAS9HALO|CAS9HALO,sp|CAS9HALO|CAS9HALO,CAS9HALO,CAS9HALO,FALSE,1,0.9999998761490749
ELGSQIL [K] EHPVENTQLQNEK <=>  [K] LINGIR,Intralink,ELGSQIL [K] EHPVENTQLQNEK, [K] LINGIR,8,1,801,669,sp|CAS9HALO|CAS9HALO,sp|CAS9HALO|CAS9HALO,CAS9HALO,CAS9HALO,FALSE,1,0.9999998756631684
 [K] TEVQTGGFSK <=> DLII [K] LPK,Intralink, [K] TEVQTGGFSK,DLII [K] LPK,1,5,1101,1201,sp|CAS9HALO|CAS9HALO,sp|CAS9HALO|CAS9HALO,CAS9HALO,CAS9HALO,FALSE,1,0.9999998724021374
HYLDEIIEQISEFS [K] R <=>  [K] LINGIR,Intralink,HYLDEIIEQISEFS [K] R, [K] LINGIR,15,1,1282,669,sp|CAS9HALO|CAS9HALO,sp|CAS9HALO|CAS9HALO,CAS9HALO,CAS9HALO,FALSE,1,0.9999998657009506
YDEND [K] LIR <=> EV [K] VITLK,Intralink,YDEND [K] LIR,EV [K] VITLK,6,3,952,958,sp|CAS9HALO|CAS9HALO,sp|CAS9HALO|CAS9HALO,CAS9HALO,CAS9HALO,FALSE,1,0.9999998563957582
NSD [K] LIAR <=> GY [K] EVK,Intralink,NSD [K] LIAR,GY [K] EVK,4,3,1122,1192,sp|CAS9HALO|CAS9HALO,sp|CAS9HALO|CAS9HALO,CAS9HALO,CAS9HALO,FALSE,1,0.9999998463355201
DLII [K] LPK <=>  [K] LINGIR,Intralink,DLII [K] LPK, [K] LINGIR,5,1,1201,669,sp|CAS9HALO|CAS9HALO,sp|CAS9HALO|CAS9HALO,CAS9HALO,CAS9HALO,FALSE,1,0.9999998446662482
L [K] TYAHLFDDK <=> VM [K] QLK,Intralink,L [K] TYAHLFDDK,VM [K] QLK,2,3,641,653,sp|CAS9HALO|CAS9HALO,sp|CAS9HALO|CAS9HALO,CAS9HALO,CAS9HALO,FALSE,1,0.9999998178415629
 [K] PAFLSGEQK <=>  [K] LINGIR,Intralink, [K] PAFLSGEQK, [K] LINGIR,1,1,540,669,sp|CAS9HALO|CAS9HALO,sp|CAS9HALO|CAS9HALO,CAS9HALO,CAS9HALO,FALSE,1,0.9999998033057504
EDIQ [K] AQVSGQGDSLHEHIANLAGSPAIK <=>  [K] LINGIR,Intralink,EDIQ [K] AQVSGQGDSLHEHIANLAGSPAIK, [K] LINGIR,5,1,714,669,sp|CAS9HALO|CAS9HALO,sp|CAS9HALO|CAS9HALO,CAS9HALO,CAS9HALO,FALSE,1,0.9999997830362144
DLII [K] LPK <=> D [K] QSGK,Intralink,DLII [K] LPK,D [K] QSGK,5,2,1201,677,sp|CAS9HALO|CAS9HALO,sp|CAS9HALO|CAS9HALO,CAS9HALO,CAS9HALO,FALSE,1,0.9999997310476891
LEESFLVEED [K] K <=> ESLI [K] PR,Heteromeric-inter,LEESFLVEED [K] K,ESLI [K] PR,11,5,115,1305,sp|CAS9HALO|CAS9HALO,sp|Q5T890|ERCC6L2,CAS9HALO,ERCC6L2,FALSE,1,0.9999282007695319
 [K] PAFLSGEQKK <=>  [K] DLIIK,Intralink, [K] PAFLSGEQKK, [K] DLIIK,1,1,540,1196;796,sp|CAS9HALO|CAS9HALO,sp|CAS9HALO|CAS9HALO; sp|Q8NDZ2|SIMC1,CAS9HALO,CAS9HALO; SIMC1,FALSE,1,0.9998829331948205
 [K] PAFLSGEQK <=>  [K] DLIIK,Intralink, [K] PAFLSGEQK, [K] DLIIK,1,1,540,1196;796,sp|CAS9HALO|CAS9HALO,sp|CAS9HALO|CAS9HALO; sp|Q8NDZ2|SIMC1,CAS9HALO,CAS9HALO; SIMC1,FALSE,1,0.9998071835722473
SNFDLAEDA [K] LQLSK <=> ESLI [K] PR,Heteromeric-inter,SNFDLAEDA [K] LQLSK,ESLI [K] PR,10,5,267,1305,sp|CAS9HALO|CAS9HALO,sp|Q5T890|ERCC6L2,CAS9HALO,ERCC6L2,FALSE,1,0.9979140011287325
VLSMPQVNIV [K] K <=> ESLI [K] PR,Heteromeric-inter,VLSMPQVNIV [K] K,ESLI [K] PR,11,5,1100,1305,sp|CAS9HALO|CAS9HALO,sp|Q5T890|ERCC6L2,CAS9HALO,ERCC6L2,FALSE,1,0.9975961556371885
SSFE [K] NPIDFLEAK <=> ESLI [K] PR,Heteromeric-inter,SSFE [K] NPIDFLEAK,ESLI [K] PR,5,5,1180,1305,sp|CAS9HALO|CAS9HALO,sp|Q5T890|ERCC6L2,CAS9HALO,ERCC6L2,FALSE,1,0.9947443076347028
NSD [K] LIAR <=> ESLI [K] PR,Heteromeric-inter,NSD [K] LIAR,ESLI [K] PR,4,5,1122,1305,sp|CAS9HALO|CAS9HALO,sp|Q5T890|ERCC6L2,CAS9HALO,ERCC6L2,FALSE,1,0.9919508369084443
 [K] TEVQTGGFSK <=> ESLI [K] PR,Heteromeric-inter, [K] TEVQTGGFSK,ESLI [K] PR,1,5,1101,1305,sp|CAS9HALO|CAS9HALO,sp|Q5T890|ERCC6L2,CAS9HALO,ERCC6L2,FALSE,1,0.948960720769454
