Scan,Experimental m/z,Theoretical m/z,Link-Type,Alpha peptide,Alpha m/z,Alpha ppm error,Beta peptide,Beta m/z,Beta ppm error,Precursor charge,Alpha peptide position,Beta peptide position,Alpha protein(s) position(s),Beta protein(s) position(s),Modified alpha peptide,Modified beta peptide,Alpha protein mapping(s),Beta protein mapping(s),Alpha gene mapping(s),Beta gene mapping(s),IsDecoy,Score,File
49778,1001.9774,1001.980468572655,Intralink,HSLLYEYFTVYNELTKVK,562.547850141595,3.782274062497972,MTNFDKNLPNEK,363.430325141595,3.414248360403801,4,16,6,530,504,HSLLYEYFTVYNELTKVK,MTNFDKNLPNEK,CAS9HALO,CAS9HALO,CAS9HALO,CAS9HALO,FALSE,16.00687438748489,Cas9_HeLa_Cyt_r2.raw
50647,1054.5116,1054.514673572655,Intralink,VLPKHSLLYEYFTVYNELTK,615.0820551415951,1.2149068180445606,MTNFDKNLPNEK,363.430325141595,1.899615354276877,4,4,6,514,504,VLPKHSLLYEYFTVYNELTK,MTNFDKNLPNEK,CAS9HALO,CAS9HALO,CAS9HALO,CAS9HALO,FALSE,15.018897184336256,Cas9_HeLa_Cyt_r2.raw
56824,1226.0714,1226.072696072655,Intralink,SEETITPWNFEEVVDKGASAQSFIER,743.1095251415951,4.793080215056856,SSFEKNPIDFLEAK,406.96087764159495,3.2845924546830294,4,16,5,488,1180,SEETITPWNFEEVVDKGASAQSFIER,SSFEKNPIDFLEAK,CAS9HALO,CAS9HALO,CAS9HALO,CAS9HALO,FALSE,15.017657869603974,Cas9_HeLa_Cyt_r2.raw
45808,1015.9948,1015.9975810726551,Intralink,KSEETITPWNFEEVVDK,513.5046426415951,2.488051482762928,VNTEITKAPLSASMIK,426.490645141595,4.382731950813956,4,1,7,472,318,KSEETITPWNFEEVVDK,VNTEITKAPLSASMIK,CAS9HALO,CAS9HALO,CAS9HALO,CAS9HALO,FALSE,14.976620060110617,Cas9_HeLa_Cyt_r2.raw
46773,825.418,825.420783572655,Intralink,GILQTVKVVDELVK,385.98816514159495,1.3571044340212086,MTNFDKNLPNEK,363.430325141595,4.003273546333636,4,7,6,746,504,GILQTVKVVDELVK,MTNFDKNLPNEK,CAS9HALO,CAS9HALO,CAS9HALO,CAS9HALO,FALSE,14.917342828400345,Cas9_HeLa_Cyt_r2.raw
35516,751.3627,751.3638460726551,Intralink,MTNFDKNLPNEK,363.430325141595,2.6562985038430047,VVDELVKVMGR,311.931227641595,2.074062048120681,4,6,7,504,753,MTNFDKNLPNEK,VVDELVKVMGR,CAS9HALO,CAS9HALO,CAS9HALO,CAS9HALO,FALSE,14.33079878745805,Cas9_HeLa_Cyt_r2.raw
45084,829.9452,829.9460535726549,Intralink,IEEGIKELGSQILK,389.9777976415949,1.9716613153865974,LENLIAQLPGEKK,363.96596264159496,3.053765387813476,4,6,12,793,237,IEEGIKELGSQILK,LENLIAQLPGEKK,CAS9HALO,CAS9HALO,CAS9HALO,CAS9HALO,FALSE,13.646792950524521,Cas9_HeLa_Cyt_r2.raw
40623,846.6412,846.393496072655,Intralink,SSFEKNPIDFLEAK,406.96087764159495,3.6596722760271905,MTNFDKNLPNEK,363.430325141595,3.0776628514186553,4,5,6,1180,504,SSFEKNPIDFLEAK,MTNFDKNLPNEK,CAS9HALO,CAS9HALO,CAS9HALO,CAS9HALO,FALSE,13.145179576571369,Cas9_HeLa_Cyt_r2.raw
46845,942.2565,942.259413572655,Intralink,FIKPILEKMDGTEELLVK,526.5496901415951,1.8526713434070394,KVLSMPQVNIVK,339.707430141595,3.3990055939766233,4,8,1,386,1089,FIKPILEKMDGTEELLVK,KVLSMPQVNIVK,CAS9HALO,CAS9HALO,CAS9HALO,CAS9HALO,FALSE,12.993919472219606,Cas9_HeLa_Cyt_r2.raw
40833,839.9442,839.946968572655,Intralink,LPKYSLFELENGR,392.213505141595,2.4019110436030213,KVLSMPQVNIVKK,371.731170141595,2.275744921499151,4,3,12,1204,1100,LPKYSLFELENGR,KVLSMPQVNIVKK,CAS9HALO,CAS9HALO,CAS9HALO,CAS9HALO,FALSE,12.853763502752258,Cas9_HeLa_Cyt_r2.raw
49753,1002.227,1001.980468572655,Intralink,HSLLYEYFTVYNELTKVK,562.547850141595,4.977364292421293,MTNFDKNLPNEK,363.430325141595,3.9191270487171956,4,16,6,530,504,HSLLYEYFTVYNELTKVK,MTNFDKNLPNEK,CAS9HALO,CAS9HALO,CAS9HALO,CAS9HALO,FALSE,12.767719321718689,Cas9_HeLa_Cyt_r2.raw
43478,745.5665,745.5683381521238,Intralink,YDEHHQDLTLLKALVR,391.01373140727594,4.411171531432565,LEESFLVEEDKK,293.95422740727594,3.183620615904948,5,12,11,340,115,YDEHHQDLTLLKALVR,LEESFLVEEDKK,CAS9HALO,CAS9HALO,CAS9HALO,CAS9HALO,FALSE,12.604805816610485,Cas9_HeLa_Cyt_r2.raw
29357,705.9597,705.960428152124,Intralink,VNTEITKAPLSASMIK,341.393971407276,1.944987208830046,GKSDNVPSEEVVKK,303.966077407276,3.511423593856842,5,7,2,318,870,VNTEITKAPLSASMIK,GKSDNVPSEEVVKK,CAS9HALO,CAS9HALO,CAS9HALO,CAS9HALO,FALSE,12.496366425794758,Cas9_HeLa_Cyt_r2.raw
40747,742.6987,742.7007312051034,Intralink,HPIFGNIVDEVAYHEKYPTIYHLR,486.08755058439675,3.0918031502198167,LVDSTDKADLR,206.28074391772998,3.1282344501173367,6,16,7,135,152,HPIFGNIVDEVAYHEKYPTIYHLR,LVDSTDKADLR,CAS9HALO,CAS9HALO,CAS9HALO,CAS9HALO,FALSE,12.30510346224255,Cas9_HeLa_Cyt_r2.raw
35618,889.6517,889.6516141521242,Intralink,ELGSQILKEHPVENTQLQNEK,487.65726340727605,2.385681190364922,VNTEITKAPLSASMIK,341.393971407276,3.164127620435924,5,8,7,801,318,ELGSQILKEHPVENTQLQNEK,VNTEITKAPLSASMIK,CAS9HALO,CAS9HALO,CAS9HALO,CAS9HALO,FALSE,12.229635999772524,Cas9_HeLa_Cyt_r2.raw
48138,901.4343,901.4381635726551,Intralink,KSEETITPWNFEEVVDK,513.5046426415951,3.4403380172609084,VVDELVKVMGR,311.931227641595,4.525874050626508,4,1,7,472,753,KSEETITPWNFEEVVDK,VVDELVKVMGR,CAS9HALO,CAS9HALO,CAS9HALO,CAS9HALO,FALSE,12.00608057560594,Cas9_HeLa_Cyt_r2.raw
54076,1131.0358,1131.043046072655,Intralink,SEETITPWNFEEVVDKGASAQSFIER,743.1095251415951,3.264334320746192,VVDELVKVMGR,311.931227641595,3.741292901751639,4,16,7,488,753,SEETITPWNFEEVVDKGASAQSFIER,VVDELVKVMGR,CAS9HALO,CAS9HALO,CAS9HALO,CAS9HALO,FALSE,11.932781609623838,Cas9_HeLa_Cyt_r2.raw
32296,802.3723,802.3752010726549,Intralink,YPKLESEFVYGDYK,435.21470764159494,4.2301012889051925,SEQEIGKATAK,291.158200141595,4.15891367501542,4,3,7,1007,1035,YPKLESEFVYGDYK,SEQEIGKATAK,CAS9HALO,CAS9HALO,CAS9HALO,CAS9HALO,FALSE,11.800935771696025,Cas9_HeLa_Cyt_r2.raw
55043,885.0503,884.852546152124,Intralink,GNELALPSKYVNFLYLASHYEK,512.068473407276,3.855330568022029,IEEGIKELGSQILK,312.18369340727594,4.638091015803777,5,9,6,1235,793,GNELALPSKYVNFLYLASHYEK,IEEGIKELGSQILK,CAS9HALO,CAS9HALO,CAS9HALO,CAS9HALO,FALSE,11.736452994432796,Cas9_HeLa_Cyt_r2.raw
31935,850.1725,850.174976072655,Intralink,VNTEITKAPLSASMIK,426.490645141595,1.2281642673096675,GKSDNVPSEEVVK,347.682037641595,3.403435768220217,4,7,2,318,870,VNTEITKAPLSASMIK,GKSDNVPSEEVVK,CAS9HALO,CAS9HALO,CAS9HALO,CAS9HALO,FALSE,11.656694003923427,Cas9_HeLa_Cyt_r2.raw
23317,730.8389,730.5908185726549,Intralink,MTNFDKNLPNEK,363.430325141595,3.329469181093235,SEQEIGKATAK,291.158200141595,4.790232098033594,4,6,7,504,1035,MTNFDKNLPNEK,SEQEIGKATAK,CAS9HALO,CAS9HALO,CAS9HALO,CAS9HALO,FALSE,11.543103525520424,Cas9_HeLa_Cyt_r2.raw
46799,825.6693,825.420783572655,Intralink,GILQTVKVVDELVK,385.98816514159495,2.207733535380991,MTNFDKNLPNEK,363.430325141595,3.414248360403801,4,7,6,746,504,GILQTVKVVDELVK,MTNFDKNLPNEK,CAS9HALO,CAS9HALO,CAS9HALO,CAS9HALO,FALSE,11.458168481511574,Cas9_HeLa_Cyt_r2.raw
45090,779.3991,779.3997212051034,Intralink,HPIFGNIVDEVAYHEKYPTIYHLR,486.08755058439675,3.5110770057029597,LENLIAQLPGEKK,242.97973391772996,2.2975656939326705,6,16,12,135,237,HPIFGNIVDEVAYHEKYPTIYHLR,LENLIAQLPGEKK,CAS9HALO,CAS9HALO,CAS9HALO,CAS9HALO,FALSE,11.440081838651729,Cas9_HeLa_Cyt_r2.raw
40509,931.2199,931.2228860726549,Intralink,KTEVQTGGFSKESILPK,463.0070876415949,4.088025028475786,LPKYSLFELENGR,392.213505141595,4.1955602617708685,4,11,3,1111,1204,KTEVQTGGFSKESILPK,LPKYSLFELENGR,CAS9HALO,CAS9HALO,CAS9HALO,CAS9HALO,FALSE,11.31728768755027,Cas9_HeLa_Cyt_r2.raw
41593,952.9341,952.9372610726551,Intralink,KSEETITPWNFEEVVDK,513.5046426415951,4.273590222744375,MTNFDKNLPNEK,363.430325141595,3.582541199863481,4,1,6,472,504,KSEETITPWNFEEVVDK,MTNFDKNLPNEK,CAS9HALO,CAS9HALO,CAS9HALO,CAS9HALO,FALSE,10.844492095854623,Cas9_HeLa_Cyt_r2.raw
41386,721.3575,721.3601778717701,Intralink,HPIFGNIVDEVAYHEKYPTIYHLR,486.08755058439675,3.678786646338646,KPAFLSGEQK,184.94019058439665,3.172864515182793,6,16,1,135,540,HPIFGNIVDEVAYHEKYPTIYHLR,KPAFLSGEQK,CAS9HALO,CAS9HALO,CAS9HALO,CAS9HALO,FALSE,10.482226979253792,Cas9_HeLa_Cyt_r2.raw
49884,725.3787,725.38058287177,Intralink,GNELALPSKYVNFLYLASHYEK,426.89160725106336,0.894662390266622,KVLSMPQVNIVKK,248.15653891773,3.509697184309749,6,9,1,1235,1089,GNELALPSKYVNFLYLASHYEK,KVLSMPQVNIVKK,CAS9HALO,CAS9HALO,CAS9HALO,CAS9HALO,FALSE,10.2034349730683,Cas9_HeLa_Cyt_r2.raw
40470,839.9073,839.9097485726548,Intralink,YVNFLYLASHYEKLK,472.7555376415949,4.2111138978498905,ENQTTQKGQK,291.151917641595,4.384165832692122,4,13,7,1248,776,YVNFLYLASHYEKLK,ENQTTQKGQK,CAS9HALO,CAS9HALO,CAS9HALO,CAS9HALO,FALSE,10.04393536595162,Cas9_HeLa_Cyt_r2.raw
17596,746.8645,746.866271072655,Intralink,GKSDNVPSEEVVKK,379.705777641595,1.8196396944522542,SEQEIGKATAK,291.158200141595,4.159703936428512,4,2,7,870,1035,GKSDNVPSEEVVKK,SEQEIGKATAK,CAS9HALO,CAS9HALO,CAS9HALO,CAS9HALO,FALSE,9.98528564767691,Cas9_HeLa_Cyt_r2.raw
40508,825.0677,825.0704595384368,Intralink,EDIQKAQVSGQGDSLHEHIANLAGSPAIK,503.09501225106345,3.4228012356678623,SSFEKNPIDFLEAK,271.6430105843966,3.8856242562049044,6,5,5,714,1180,EDIQKAQVSGQGDSLHEHIANLAGSPAIK,SSFEKNPIDFLEAK,CAS9HALO,CAS9HALO,CAS9HALO,CAS9HALO,FALSE,9.75816254896591,Cas9_HeLa_Cyt_r2.raw
37528,770.1108,770.1117435726549,Intralink,LEESFLVEEDKK,367.1909651415949,0.10216678085961682,YKEIFFDQSK,326.91848514159494,0.5234606797930149,4,11,2,115,352,LEESFLVEEDKK,YKEIFFDQSK,CAS9HALO,CAS9HALO,CAS9HALO,CAS9HALO,FALSE,9.552273607125757,Cas9_HeLa_Cyt_r2.raw
48594,851.0132,851.015938152124,Intralink,GNELALPSKYVNFLYLASHYEK,512.068473407276,1.4676935726114841,GKSDNVPSEEVVK,278.34708540727604,4.107165238711616,5,9,2,1235,870,GNELALPSKYVNFLYLASHYEK,GKSDNVPSEEVVK,CAS9HALO,CAS9HALO,CAS9HALO,CAS9HALO,FALSE,9.4663868193619,Cas9_HeLa_Cyt_r2.raw
40599,846.3905,846.393496072655,Intralink,SSFEKNPIDFLEAK,406.96087764159495,0.128622383819834,MTNFDKNLPNEK,363.430325141595,3.9191270487171956,4,5,6,1180,504,SSFEKNPIDFLEAK,MTNFDKNLPNEK,CAS9HALO,CAS9HALO,CAS9HALO,CAS9HALO,FALSE,9.455845686071328,Cas9_HeLa_Cyt_r2.raw
49822,777.3817,777.3842681521238,Intralink,YDEHHQDLTLLKALVR,391.01373140727594,4.536306262454805,SSFEKNPIDFLEAK,325.770157407276,4.035882319472277,5,12,5,340,1180,YDEHHQDLTLLKALVR,SSFEKNPIDFLEAK,CAS9HALO,CAS9HALO,CAS9HALO,CAS9HALO,FALSE,9.372258450631662,Cas9_HeLa_Cyt_r2.raw
29496,834.3959,834.398941072655,Intralink,KYPKLESEFVYGDYK,467.238447641595,3.9988995605593916,SEQEIGKATAK,291.158200141595,4.159703936428512,4,4,7,1007,1035,KYPKLESEFVYGDYK,SEQEIGKATAK,CAS9HALO,CAS9HALO,CAS9HALO,CAS9HALO,FALSE,9.254578906970073,Cas9_HeLa_Cyt_r2.raw
44974,758.1471,758.1499310726549,Intralink,GILQTVKVVDELVK,385.98816514159495,4.108990844806398,KTEVQTGGFSK,296.15947264159496,4.47124032179293,4,7,1,746,1101,GILQTVKVVDELVK,KTEVQTGGFSK,CAS9HALO,CAS9HALO,CAS9HALO,CAS9HALO,FALSE,9.252314526995788,Cas9_HeLa_Cyt_r2.raw
52694,844.6339,844.6362521521241,Intralink,GNELALPSKYVNFLYLASHYEK,512.068473407276,0.7991572570577438,KVLSMPQVNIVK,271.96739940727605,3.30896988011017,5,9,1,1235,1089,GNELALPSKYVNFLYLASHYEK,KVLSMPQVNIVK,CAS9HALO,CAS9HALO,CAS9HALO,CAS9HALO,FALSE,9.223027602930264,Cas9_HeLa_Cyt_r2.raw
53799,985.6766,985.4783121521241,Intralink,NGYAGYIDGGASQEEFYKFIKPILEK,588.2991894072761,3.942162478118315,SNFDLAEDAKLQLSK,336.57874340727597,3.6976203932480387,5,18,10,378,267,NGYAGYIDGGASQEEFYKFIKPILEK,SNFDLAEDAKLQLSK,CAS9HALO,CAS9HALO,CAS9HALO,CAS9HALO,FALSE,9.211151579687678,Cas9_HeLa_Cyt_r2.raw
34836,671.3416,671.34377052866,Intralink,EDIQKAQVSGQGDSLHEHIANLAGSPAIKK,449.66747285376863,3.66868687204877,VVDELVKVMGR,178.67810571091144,1.1906751684828283,7,5,7,714,753,EDIQKAQVSGQGDSLHEHIANLAGSPAIKK,VVDELVKVMGR,CAS9HALO,CAS9HALO,CAS9HALO,CAS9HALO,FALSE,9.117953254459335,Cas9_HeLa_Cyt_r2.raw
43959,754.6987,754.70140287177,Intralink,HPIFGNIVDEVAYHEKYPTIYHLR,486.08755058439675,3.0082637151250515,YKEIFFDQSK,218.28141558439663,2.9561698607416815,6,16,2,135,352,HPIFGNIVDEVAYHEKYPTIYHLR,YKEIFFDQSK,CAS9HALO,CAS9HALO,CAS9HALO,CAS9HALO,FALSE,9.111774449192334,Cas9_HeLa_Cyt_r2.raw
65346,807.9216,807.9232285726549,Intralink,LPKYSLFELENGR,392.213505141595,2.168033739806361,VLSMPQVNIVKK,339.70743014159495,0.8780117339734054,4,3,11,1204,1100,LPKYSLFELENGR,VLSMPQVNIVKK,CAS9HALO,CAS9HALO,CAS9HALO,CAS9HALO,FALSE,8.941490814422657,Cas9_HeLa_Cyt_r2.raw
30574,756.7717,756.7727761521239,Intralink,KRPLIETNGETGEIVWDK,417.825311407276,0.9847065814084879,GKSDNVPSEEVVK,278.34708540727604,2.7876732940316025,5,1,2,1063,870,KRPLIETNGETGEIVWDK,GKSDNVPSEEVVK,CAS9HALO,CAS9HALO,CAS9HALO,CAS9HALO,FALSE,8.878375363378666,Cas9_HeLa_Cyt_r2.raw
28994,711.5524,711.5537061521239,Intralink,KRPLIETNGETGEIVWDK,417.825311407276,4.029019005228946,SEQEIGKATAK,233.128015407276,4.264791908145485,5,1,7,1063,1035,KRPLIETNGETGEIVWDK,SEQEIGKATAK,CAS9HALO,CAS9HALO,CAS9HALO,CAS9HALO,FALSE,8.872277718757832,Cas9_HeLa_Cyt_r2.raw
28589,716.3377,716.339266072655,Intralink,MTNFDKNLPNEK,363.430325141595,4.170933802162725,KPAFLSGEQK,276.906647641595,2.620309320925968,4,6,1,504,540,MTNFDKNLPNEK,KPAFLSGEQK,CAS9HALO,CAS9HALO,CAS9HALO,CAS9HALO,FALSE,8.813418196633844,Cas9_HeLa_Cyt_r2.raw
58170,993.0809,993.082886152124,Intralink,EQAENIIHLFTLTNLGAPAAFKYFDTTIDR,682.754345407276,3.93994476530071,LKGSPEDNEQK,249.728161407276,4.664993374870063,5,22,2,1329,1250,EQAENIIHLFTLTNLGAPAAFKYFDTTIDR,LKGSPEDNEQK,CAS9HALO,CAS9HALO,CAS9HALO,CAS9HALO,FALSE,8.718233530652128,Cas9_HeLa_Cyt_r2.raw
26668,748.5983,748.350096072655,Intralink,MTNFDKNLPNEK,363.430325141595,4.339859678411551,LVDSTDKADLR,308.917477641595,3.8207112107666674,4,6,7,504,152,MTNFDKNLPNEK,LVDSTDKADLR,CAS9HALO,CAS9HALO,CAS9HALO,CAS9HALO,FALSE,8.684750071145569,Cas9_HeLa_Cyt_r2.raw
50247,794.3931,794.395626152124,Intralink,GNELALPSKYVNFLYLASHYEK,512.068473407276,2.5182524459163758,KPAFLSGEQK,221.726773407276,4.609510878016546,5,9,1,1235,540,GNELALPSKYVNFLYLASHYEK,KPAFLSGEQK,CAS9HALO,CAS9HALO,CAS9HALO,CAS9HALO,FALSE,8.64972506486313,Cas9_HeLa_Cyt_r2.raw
29916,768.8921,768.895098572655,Intralink,KTEVQTGGFSKESILPK,463.0070876415949,3.427826005015064,NSDKLIAR,229.88571764159502,3.579683910218614,4,11,4,1111,1122,KTEVQTGGFSKESILPK,NSDKLIAR,CAS9HALO,CAS9HALO,CAS9HALO,CAS9HALO,FALSE,8.444388094428419,Cas9_HeLa_Cyt_r2.raw
43926,891.4344,891.4361235726548,Intralink,YDEHHQDLTLLKALVR,488.5153451415949,3.9736707255657935,YKEIFFDQSK,326.91848514159494,4.453227547463897,4,12,2,340,352,YDEHHQDLTLLKALVR,YKEIFFDQSK,CAS9HALO,CAS9HALO,CAS9HALO,CAS9HALO,FALSE,8.400778250590655,Cas9_HeLa_Cyt_r2.raw
37493,698.0991,698.101516072655,Intralink,LPKYSLFELENGR,392.213505141595,4.117014614135488,NSDKLIAR,229.88571764159502,4.844987909272467,4,3,4,1204,1122,LPKYSLFELENGR,NSDKLIAR,CAS9HALO,CAS9HALO,CAS9HALO,CAS9HALO,FALSE,8.384925320489707,Cas9_HeLa_Cyt_r2.raw
50436,788.1944,788.1973841521241,Intralink,GNELALPSKYVNFLYLASHYEK,512.068473407276,2.35250190485606,APLSASMIKR,215.52853140727603,3.720131637455421,5,9,9,1235,327,GNELALPSKYVNFLYLASHYEK,APLSASMIKR,CAS9HALO,CAS9HALO,CAS9HALO,CAS9HALO,FALSE,8.368408022540478,Cas9_HeLa_Cyt_r2.raw
46603,865.4302,865.4330485726549,Intralink,VILADANLDKVLSAYNK,462.51227014159497,3.3535229334309378,YKEIFFDQSK,326.91848514159494,3.518269584792502,4,10,2,1293,352,VILADANLDKVLSAYNK,YKEIFFDQSK,CAS9HALO,CAS9HALO,CAS9HALO,CAS9HALO,FALSE,8.26815436745012,Cas9_HeLa_Cyt_r2.raw
28747,731.1188,731.120173572655,Intralink,LENLIAQLPGEKK,363.96596264159496,3.305200358979251,ENQTTQKGQK,291.151917641595,3.858714702057026,4,12,7,237,776,LENLIAQLPGEKK,ENQTTQKGQK,CAS9HALO,CAS9HALO,CAS9HALO,CAS9HALO,FALSE,8.17389282323895,Cas9_HeLa_Cyt_r2.raw
34447,878.4595,878.4624921521241,Intralink,EDIQKAQVSGQGDSLHEHIANLAGSPAIK,603.5125594072761,4.070923950187686,KDLIIKLPK,214.349553407276,4.204974690331273,5,5,6,714,1201,EDIQKAQVSGQGDSLHEHIANLAGSPAIK,KDLIIKLPK,CAS9HALO,CAS9HALO,CAS9HALO,CAS9HALO,FALSE,8.035418008065237,Cas9_HeLa_Cyt_r2.raw
31080,775.2163,775.2185062051034,Intralink,LKGSPEDNEQKQLFVEQHK,376.53043058439675,3.0427633738889956,KRPLIETNGETGEIVWDK,348.35563891773,0.8887072356903953,6,11,1,1259,1063,LKGSPEDNEQKQLFVEQHK,KRPLIETNGETGEIVWDK,CAS9HALO,CAS9HALO,CAS9HALO,CAS9HALO,FALSE,7.974294465841837,Cas9_HeLa_Cyt_r2.raw
41228,672.3587,672.1590301521239,Intralink,LPKYSLFELENGRK,339.591251407276,2.646342381621775,VLSMPQVNIVKK,271.967399407276,0.8780117339734054,5,3,11,1204,1100,LPKYSLFELENGRK,VLSMPQVNIVKK,CAS9HALO,CAS9HALO,CAS9HALO,CAS9HALO,FALSE,7.887972377366606,Cas9_HeLa_Cyt_r2.raw
30198,750.6016,750.602816072655,Intralink,GKSDNVPSEEVVK,347.682037641595,2.2592159874670545,YKEIFFDQSK,326.91848514159494,2.0212146974264256,4,2,2,870,352,GKSDNVPSEEVVK,YKEIFFDQSK,CAS9HALO,CAS9HALO,CAS9HALO,CAS9HALO,FALSE,7.843458564136751,Cas9_HeLa_Cyt_r2.raw
36791,703.1738,703.1749041521239,Intralink,TEVQTGGFSKESILPK,344.988133407276,2.056429905387859,KVLSMPQVNIVKK,297.586391407276,0.9595325310562743,5,10,12,1111,1100,TEVQTGGFSKESILPK,KVLSMPQVNIVKK,CAS9HALO,CAS9HALO,CAS9HALO,CAS9HALO,FALSE,7.827992526939655,Cas9_HeLa_Cyt_r2.raw
32652,700.7307,700.7313721521239,Intralink,LEESFLVEEDKKHER,378.394749407276,3.5566996991812365,YKEIFFDQSK,261.736243407276,3.4239999063404083,5,12,2,116,352,LEESFLVEEDKKHER,YKEIFFDQSK,CAS9HALO,CAS9HALO,CAS9HALO,CAS9HALO,FALSE,7.6635160833496805,Cas9_HeLa_Cyt_r2.raw
38823,830.0076,830.0088601521238,Intralink,YDEHHQDLTLLKALVR,391.01373140727594,4.223469493619055,LEESFLVEEDKKHER,378.394749407276,3.879991011965901,5,12,12,340,116,YDEHHQDLTLLKALVR,LEESFLVEEDKKHER,CAS9HALO,CAS9HALO,CAS9HALO,CAS9HALO,FALSE,7.638863807352939,Cas9_HeLa_Cyt_r2.raw
43155,609.5593,609.5609121521239,Intralink,KGILQTVKVVDELVK,334.610979407276,1.3004914276602033,KDLIIKLPK,214.349553407276,2.9473559089737367,5,8,6,746,1201,KGILQTVKVVDELVK,KDLIIKLPK,CAS9HALO,CAS9HALO,CAS9HALO,CAS9HALO,FALSE,7.578130700836172,Cas9_HeLa_Cyt_r2.raw
40493,673.3387,673.3408841521239,Intralink,YDEHHQDLTLLKALVR,391.01373140727594,2.3460574379519357,KPAFLSGEQK,221.726773407276,4.388488091978177,5,12,1,340,540,YDEHHQDLTLLKALVR,KPAFLSGEQK,CAS9HALO,CAS9HALO,CAS9HALO,CAS9HALO,FALSE,7.546079382650877,Cas9_HeLa_Cyt_r2.raw
27936,694.077,694.0789785726549,Intralink,YKEIFFDQSK,326.91848514159494,2.1140768817386233,SEQEIGKATAK,291.158200141595,2.3732117965249713,4,2,7,352,1035,YKEIFFDQSK,SEQEIGKATAK,CAS9HALO,CAS9HALO,CAS9HALO,CAS9HALO,FALSE,7.516436480023344,Cas9_HeLa_Cyt_r2.raw
30793,703.0735,703.074373572655,Intralink,MNTKYDENDK,315.14085264159496,2.730878368860293,VVDELVKVMGR,311.931227641595,1.4856289564974445,4,4,7,946,753,MNTKYDENDK,VVDELVKVMGR,CAS9HALO,CAS9HALO,CAS9HALO,CAS9HALO,FALSE,7.216179538101315,Cas9_HeLa_Cyt_r2.raw
34945,779.3967,779.399586072655,Intralink,VNTEITKAPLSASMIK,426.490645141595,4.382192896982163,KPAFLSGEQK,276.906647641595,4.056954096111237,4,7,1,318,540,VNTEITKAPLSASMIK,KPAFLSGEQK,CAS9HALO,CAS9HALO,CAS9HALO,CAS9HALO,FALSE,7.16521195054952,Cas9_HeLa_Cyt_r2.raw
45718,868.4249,868.426763572655,Intralink,YVNFLYLASHYEKLK,472.7555376415949,4.79302201113264,DDSIDNKVLTR,319.668932641595,4.23591545990182,4,13,7,1248,859,YVNFLYLASHYEKLK,DDSIDNKVLTR,CAS9HALO,CAS9HALO,CAS9HALO,CAS9HALO,FALSE,7.147782413471523,Cas9_HeLa_Cyt_r2.raw
50679,920.9666,920.9700660726552,Intralink,VLPKHSLLYEYFTVYNELTK,615.0820551415951,3.6987426301067883,NSDKLIAR,229.88571764159502,4.312227940455024,4,4,4,514,1122,VLPKHSLLYEYFTVYNELTK,NSDKLIAR,CAS9HALO,CAS9HALO,CAS9HALO,CAS9HALO,FALSE,7.103658948411606,Cas9_HeLa_Cyt_r2.raw
62086,713.3492,713.3503541521238,Intralink,YDEHHQDLTLLKALVR,391.01373140727594,2.5971919556732392,YKEIFFDQSK,261.736243407276,1.6462480617773072,5,12,2,340,352,YDEHHQDLTLLKALVR,YKEIFFDQSK,CAS9HALO,CAS9HALO,CAS9HALO,CAS9HALO,FALSE,7.077240997288344,Cas9_HeLa_Cyt_r2.raw
40642,765.1701,765.172471072655,Intralink,LENLIAQLPGEKK,363.96596264159496,0.8685597702341815,QLLNAKLITQR,325.20421514159506,1.2606615670606116,4,12,6,237,894,LENLIAQLPGEKK,QLLNAKLITQR,CAS9HALO,CAS9HALO,CAS9HALO,CAS9HALO,FALSE,7.061929484813085,Cas9_HeLa_Cyt_r2.raw
32972,700.7298,700.7313721521239,Intralink,LEESFLVEEDKKHER,378.394749407276,4.073965899972944,YKEIFFDQSK,261.736243407276,3.3304338622023777,5,11,2,115,352,LEESFLVEEDKKHER,YKEIFFDQSK,CAS9HALO,CAS9HALO,CAS9HALO,CAS9HALO,FALSE,7.042400366128768,Cas9_HeLa_Cyt_r2.raw
25723,778.6287,778.629628572655,Intralink,LEESFLVEEDKKHER,472.7416176415949,4.396686997514638,NSDKLIAR,229.88571764159502,4.24563298426669,4,12,4,116,1122,LEESFLVEEDKKHER,NSDKLIAR,CAS9HALO,CAS9HALO,CAS9HALO,CAS9HALO,FALSE,6.954641357843071,Cas9_HeLa_Cyt_r2.raw
25213,738.8836,738.8853810726549,Intralink,KVLSMPQVNIVKK,371.731170141595,3.8381330128399793,ENQTTQKGQK,291.151917641595,4.279075562389455,4,12,7,1100,776,KVLSMPQVNIVKK,ENQTTQKGQK,CAS9HALO,CAS9HALO,CAS9HALO,CAS9HALO,FALSE,6.914797671379949,Cas9_HeLa_Cyt_r2.raw
28633,826.6031,826.6047281521242,Intralink,ELGSQILKEHPVENTQLQNEK,487.65726340727605,1.8842106260871725,GKSDNVPSEEVVK,278.34708540727604,2.347843419605409,5,8,2,801,870,ELGSQILKEHPVENTQLQNEK,GKSDNVPSEEVVK,CAS9HALO,CAS9HALO,CAS9HALO,CAS9HALO,FALSE,6.884615401246158,Cas9_HeLa_Cyt_r2.raw
27504,770.1447,770.145451072655,Intralink,RLENLIAQLPGEKK,402.9912401415949,1.641100922392652,ENQTTQKGQK,291.151917641595,1.6518259833496494,4,13,7,237,776,RLENLIAQLPGEKK,ENQTTQKGQK,CAS9HALO,CAS9HALO,CAS9HALO,CAS9HALO,FALSE,6.856600851307727,Cas9_HeLa_Cyt_r2.raw
40393,690.011,690.0128912051035,Intralink,HPIFGNIVDEVAYHEKYPTIYHLR,486.08755058439675,4.349625771410264,NSDKLIAR,153.59290391773,4.378822905513099,6,16,4,135,1122,HPIFGNIVDEVAYHEKYPTIYHLR,NSDKLIAR,CAS9HALO,CAS9HALO,CAS9HALO,CAS9HALO,FALSE,6.823534136635898,Cas9_HeLa_Cyt_r2.raw
32837,732.3763,732.378656072655,Intralink,VNTEITKAPLSASMIK,426.490645141595,2.4467638793576705,NSDKLIAR,229.88571764159502,3.1135200861333954,4,7,4,318,1122,VNTEITKAPLSASMIK,NSDKLIAR,CAS9HALO,CAS9HALO,CAS9HALO,CAS9HALO,FALSE,6.713693128472134,Cas9_HeLa_Cyt_r2.raw
35888,802.3808,802.132006072655,Intralink,LESEFVYGDYKVYDVR,496.243995141595,4.39468751671607,NSDKLIAR,229.88571764159502,3.6462787777096533,4,11,4,1018,1122,LESEFVYGDYKVYDVR,NSDKLIAR,CAS9HALO,CAS9HALO,CAS9HALO,CAS9HALO,FALSE,6.707042876045106,Cas9_HeLa_Cyt_r2.raw
40884,667.1415,667.1426421521239,Intralink,YDEHHQDLTLLKALVR,391.01373140727594,1.5330813614598504,APLSASMIKR,215.52853140727603,0.9913086825820775,5,12,9,340,327,YDEHHQDLTLLKALVR,APLSASMIKR,CAS9HALO,CAS9HALO,CAS9HALO,CAS9HALO,FALSE,6.701242850617466,Cas9_HeLa_Cyt_r2.raw
51780,856.9251,856.9278635726549,Intralink,SSFEKNPIDFLEAK,406.96087764159495,0.20375084529262166,DKQSGKTILDFLK,373.964692641595,1.6950662690425686,4,5,6,1180,681,SSFEKNPIDFLEAK,DKQSGKTILDFLK,CAS9HALO,CAS9HALO,CAS9HALO,CAS9HALO,FALSE,6.647697324797493,Cas9_HeLa_Cyt_r2.raw
44820,656.343,656.3448861521239,Intralink,YDEHHQDLTLLKALVR,391.01373140727594,4.035767526269332,IEKILTFR,204.73077540727598,3.1885147486737826,5,12,3,340,446,YDEHHQDLTLLKALVR,IEKILTFR,CAS9HALO,CAS9HALO,CAS9HALO,CAS9HALO,FALSE,6.61670802885757,Cas9_HeLa_Cyt_r2.raw
24569,830.1597,830.1612985726549,Intralink,KTEVQTGGFSKESILPK,463.0070876415949,3.625885620522459,ENQTTQKGQK,291.151917641595,2.1772747947713,4,11,7,1111,776,KTEVQTGGFSKESILPK,ENQTTQKGQK,CAS9HALO,CAS9HALO,CAS9HALO,CAS9HALO,FALSE,6.596894486426778,Cas9_HeLa_Cyt_r2.raw
38627,635.722,635.7241401521239,Intralink,YDEHHQDLTLLKALVR,391.01373140727594,3.347527582176539,NSDKLIAR,184.11002940727602,4.378822905513099,5,12,4,340,1122,YDEHHQDLTLLKALVR,NSDKLIAR,CAS9HALO,CAS9HALO,CAS9HALO,CAS9HALO,FALSE,6.557657836836588,Cas9_HeLa_Cyt_r2.raw
37804,819.8171,819.819662152124,Intralink,KRPLIETNGETGEIVWDK,417.825311407276,2.623949429452218,VNTEITKAPLSASMIK,341.393971407276,3.737588111827172,5,1,7,1063,318,KRPLIETNGETGEIVWDK,VNTEITKAPLSASMIK,CAS9HALO,CAS9HALO,CAS9HALO,CAS9HALO,FALSE,6.496094498495311,Cas9_HeLa_Cyt_r2.raw
28511,661.8292,661.831078572655,Intralink,MTNFDKNLPNEK,363.430325141595,3.329469181093235,KGILQTVK,222.398460141595,4.120042536844297,4,6,1,504,739,MTNFDKNLPNEK,KGILQTVK,CAS9HALO,CAS9HALO,CAS9HALO,CAS9HALO,FALSE,6.484511034100882,Cas9_HeLa_Cyt_r2.raw
41159,672.1585,672.1590301521239,Intralink,LPKYSLFELENGRK,339.591251407276,1.9257041267332162,VLSMPQVNIVKK,271.967399407276,1.0580823024307147,5,3,11,1204,1100,LPKYSLFELENGRK,VLSMPQVNIVKK,CAS9HALO,CAS9HALO,CAS9HALO,CAS9HALO,FALSE,6.484167416719794,Cas9_HeLa_Cyt_r2.raw
44748,713.5487,713.3503541521238,Intralink,YDEHHQDLTLLKALVR,391.01373140727594,1.2207169751480187,YKEIFFDQSK,261.736243407276,0.3363296945885316,5,12,2,340,352,YDEHHQDLTLLKALVR,YKEIFFDQSK,CAS9HALO,CAS9HALO,CAS9HALO,CAS9HALO,FALSE,6.4581289464719935,Cas9_HeLa_Cyt_r2.raw
49498,756.7767,756.778882152124,Intralink,GNELALPSKYVNFLYLASHYEK,512.068473407276,4.619376814574031,NSDKLIAR,184.11002940727602,3.6462787777096533,5,9,4,1235,1122,GNELALPSKYVNFLYLASHYEK,NSDKLIAR,CAS9HALO,CAS9HALO,CAS9HALO,CAS9HALO,FALSE,6.319769799223308,Cas9_HeLa_Cyt_r2.raw
36859,684.8679,684.868568572655,Intralink,KVLSMPQVNIVK,339.707430141595,1.5976173309280601,APLSASMIKR,269.158845141595,2.242017354879486,4,1,9,1089,327,KVLSMPQVNIVK,APLSASMIKR,CAS9HALO,CAS9HALO,CAS9HALO,CAS9HALO,FALSE,6.213733757221527,Cas9_HeLa_Cyt_r2.raw
33844,688.0985,688.099978572655,Intralink,EKIEKILTFR,319.946037641595,2.6230388697429277,YDENDKLIR,292.151647641595,3.4425436716735303,4,5,6,446,952,EKIEKILTFR,YDENDKLIR,CAS9HALO,CAS9HALO,CAS9HALO,CAS9HALO,FALSE,6.1480979360741435,Cas9_HeLa_Cyt_r2.raw
33808,680.0767,679.8274260726549,Intralink,YKEIFFDQSK,326.91848514159494,3.6111320471439323,KPAFLSGEQK,276.906647641595,4.167465403641479,4,2,1,352,540,YKEIFFDQSK,KPAFLSGEQK,CAS9HALO,CAS9HALO,CAS9HALO,CAS9HALO,FALSE,6.078959399592918,Cas9_HeLa_Cyt_r2.raw
42284,827.9075,827.907938572655,Intralink,LESEFVYGDYKVYDVR,496.243995141595,3.566511392314981,IEKILTFR,255.66165014159498,2.470185770915472,4,11,3,1018,446,LESEFVYGDYKVYDVR,IEKILTFR,CAS9HALO,CAS9HALO,CAS9HALO,CAS9HALO,FALSE,5.953450577316773,Cas9_HeLa_Cyt_r2.raw
49761,847.8322,847.8352321020753,Intralink,GNELALPSKYVNFLYLASHYEK,512.068473407276,2.709263387306405,KVLSMPQVNIVK,275.1663793572272,3.645797360748262,5,9,1,1235,1089,GNELALPSKYVNFLYLASHYEK,KVLSM(+15.994900)PQVNIVK,CAS9HALO,CAS9HALO,CAS9HALO,CAS9HALO,FALSE,5.778207475563791,Cas9_HeLa_Cyt_r2.raw
35737,732.2183,732.2199562051034,Intralink,EDIQKAQVSGQGDSLHEHIANLAGSPAIKK,524.4441722510634,2.6581389898709293,DLIIKLPK,157.44334725106336,3.880208797932946,6,5,5,714,1201,EDIQKAQVSGQGDSLHEHIANLAGSPAIKK,DLIIKLPK,CAS9HALO,CAS9HALO,CAS9HALO,CAS9HALO,FALSE,5.749340760906146,Cas9_HeLa_Cyt_r2.raw
43056,852.6539,852.655843572655,Intralink,KSEETITPWNFEEVVDK,513.5046426415951,3.7081689318724256,FKVLGNTDR,263.148907641595,3.615528365583699,4,1,2,472,37,KSEETITPWNFEEVVDK,FKVLGNTDR,CAS9HALO,CAS9HALO,CAS9HALO,CAS9HALO,FALSE,5.72926615913351,Cas9_HeLa_Cyt_r2.raw
33557,759.3762,759.378656072655,Intralink,MTNFDKNLPNEK,363.430325141595,2.740444788935205,EKIEKILTFR,319.946037641595,3.962296439969972,4,6,5,504,446,MTNFDKNLPNEK,EKIEKILTFR,CAS9HALO,CAS9HALO,CAS9HALO,CAS9HALO,FALSE,5.682587974505229,Cas9_HeLa_Cyt_r2.raw
32169,736.8697,736.8713585726549,Intralink,TEVQTGGFSKESILPK,430.98334764159495,1.2761637993928854,NSDKLIAR,229.88571764159502,0.1167630231169786,4,10,4,1111,1122,TEVQTGGFSKESILPK,NSDKLIAR,CAS9HALO,CAS9HALO,CAS9HALO,CAS9HALO,FALSE,5.643332129568838,Cas9_HeLa_Cyt_r2.raw
50625,808.3969,808.3980060726551,Intralink,HYLDEIIEQISEFSKR,502.5099951415951,2.8704454889710442,NSDKLIAR,229.88571764159502,3.1135200861333954,4,15,4,1282,1122,HYLDEIIEQISEFSKR,NSDKLIAR,CAS9HALO,CAS9HALO,CAS9HALO,CAS9HALO,FALSE,5.643332129568838,Cas9_HeLa_Cyt_r2.raw
45033,758.3983,758.1499310726549,Intralink,GILQTVKVVDELVK,385.98816514159495,3.4752376050492426,KTEVQTGGFSK,296.15947264159496,3.644770152750305,4,7,1,746,1101,GILQTVKVVDELVK,KTEVQTGGFSK,CAS9HALO,CAS9HALO,CAS9HALO,CAS9HALO,FALSE,5.629512507351099,Cas9_HeLa_Cyt_r2.raw
39791,712.8463,712.848888572655,Intralink,SSFEKNPIDFLEAK,406.96087764159495,3.133769647841735,NSDKLIAR,229.88571764159502,3.912658336371043,4,5,4,1180,1122,SSFEKNPIDFLEAK,NSDKLIAR,CAS9HALO,CAS9HALO,CAS9HALO,CAS9HALO,FALSE,5.606603469962959,Cas9_HeLa_Cyt_r2.raw
41032,806.9088,806.910746072655,Intralink,KYGGFDSPTVAYSVLVVAK,501.022735141595,2.3582782017452355,NSDKLIAR,229.88571764159502,2.2477884230366363,4,1,4,1134,1122,KYGGFDSPTVAYSVLVVAK,NSDKLIAR,CAS9HALO,CAS9HALO,CAS9HALO,CAS9HALO,FALSE,5.584224335751703,Cas9_HeLa_Cyt_r2.raw
18079,745.3569,745.358430152124,Intralink,LKGSPEDNEQKQLFVEQHK,451.63506140727605,4.233745768671321,ENQTTQKGQK,233.122989407276,2.2823646233186765,5,11,7,1259,776,LKGSPEDNEQKQLFVEQHK,ENQTTQKGQK,CAS9HALO,CAS9HALO,CAS9HALO,CAS9HALO,FALSE,5.5590859560735195,Cas9_HeLa_Cyt_r2.raw
27322,626.302,626.3027001521239,Intralink,GKSDNVPSEEVVKK,303.966077407276,2.0618418457241248,YKEIFFDQSK,261.736243407276,2.86260390414934,5,2,2,870,352,GKSDNVPSEEVVKK,YKEIFFDQSK,CAS9HALO,CAS9HALO,CAS9HALO,CAS9HALO,FALSE,5.511217127558139,Cas9_HeLa_Cyt_r2.raw
44732,715.1908,715.19176287177,Intralink,QQLPEKYKEIFFDQSK,338.8466705843967,2.0470066324300222,YDEHHQDLTLLKALVR,326.01265558439655,3.4105653162327356,6,8,12,352,340,QQLPEKYKEIFFDQSK,YDEHHQDLTLLKALVR,CAS9HALO,CAS9HALO,CAS9HALO,CAS9HALO,FALSE,5.507657715425734,Cas9_HeLa_Cyt_r2.raw
39622,742.7062,742.70933787177,Intralink,HPIFGNIVDEVAYHEKYPTIYHLR,486.08755058439675,1.7501291752875,KPAFLSGEQKK,206.28935058439663,4.517943326518582,6,16,1,135,540,HPIFGNIVDEVAYHEKYPTIYHLR,KPAFLSGEQKK,CAS9HALO,CAS9HALO,CAS9HALO,CAS9HALO,FALSE,5.494453582992267,Cas9_HeLa_Cyt_r2.raw
49182,833.0065,833.0095981521242,Intralink,NGYAGYIDGGASQEEFYKFIKPILEK,588.2991894072761,1.3656569528521045,NSDKLIAR,184.11002940727602,4.778392882126168,5,18,4,378,1122,NGYAGYIDGGASQEEFYKFIKPILEK,NSDKLIAR,CAS9HALO,CAS9HALO,CAS9HALO,CAS9HALO,FALSE,5.464537048076469,Cas9_HeLa_Cyt_r2.raw
28429,639.8459,639.846888572655,Intralink,KTEVQTGGFSK,296.15947264159496,2.7142159656700784,KDLIIKLPK,267.685122641595,4.204974690331273,4,1,6,1101,1201,KTEVQTGGFSK,KDLIIKLPK,CAS9HALO,CAS9HALO,CAS9HALO,CAS9HALO,FALSE,5.454792836557227,Cas9_HeLa_Cyt_r2.raw
32359,594.097,594.0991381521239,Intralink,MNTKYDENDKLIR,328.76798340727595,4.66491068257335,IEKILTFR,204.73077540727598,2.9490716414220968,5,10,3,952,446,MNTKYDENDKLIR,IEKILTFR,CAS9HALO,CAS9HALO,CAS9HALO,CAS9HALO,FALSE,5.43637762445445,Cas9_HeLa_Cyt_r2.raw
36972,675.093,675.094001072655,Intralink,MTNFDKNLPNEK,363.430325141595,1.6471769659983098,DLIIKLPK,235.66138264159503,0.5664090511845984,4,6,5,504,1201,MTNFDKNLPNEK,DLIIKLPK,CAS9HALO,CAS9HALO,CAS9HALO,CAS9HALO,FALSE,5.417365673558156,Cas9_HeLa_Cyt_r2.raw
51361,1054.7578,1054.514673572655,Intralink,VLPKHSLLYEYFTVYNELTK,615.0820551415951,1.5133400322710626,MTNFDKNLPNEK,363.430325141595,0.4571040893068836,4,4,6,514,504,VLPKHSLLYEYFTVYNELTK,MTNFDKNLPNEK,CAS9HALO,CAS9HALO,CAS9HALO,CAS9HALO,FALSE,5.411151195392323,Cas9_HeLa_Cyt_r2.raw
17825,780.727,780.7270859402066,Intralink,LKGSPEDNEQK,415.5420846987933,1.7218660239396877,VITLKSK,263.51285136546,1.9544615744343494,3,2,5,1250,963,LKGSPEDNEQK,VITLKSK,CAS9HALO,CAS9HALO,CAS9HALO,CAS9HALO,FALSE,5.23743358497869,Cas9_HeLa_Cyt_r2.raw
57590,976.474,976.4777141521241,Intralink,EQAENIIHLFTLTNLGAPAAFKYFDTTIDR,682.754345407276,3.3633507836654335,ENQTTQKGQK,233.122989407276,3.6485344044176555,5,22,7,1329,776,EQAENIIHLFTLTNLGAPAAFKYFDTTIDR,ENQTTQKGQK,CAS9HALO,CAS9HALO,CAS9HALO,CAS9HALO,FALSE,5.200720729379618,Cas9_HeLa_Cyt_r2.raw
32536,759.3651,759.3677160726551,Intralink,LPKYSLFELENGR,392.213505141595,1.5449477160469995,ENQTTQKGQK,291.151917641595,0.17978197680400115,4,3,7,1204,776,LPKYSLFELENGR,ENQTTQKGQK,CAS9HALO,CAS9HALO,CAS9HALO,CAS9HALO,FALSE,5.135536106532209,Cas9_HeLa_Cyt_r2.raw
39846,825.6046,825.608570152124,Intralink,HPIFGNIVDEVAYHEKYPTIYHLR,583.1036054072761,4.685045671463793,KLVDSTDK,181.904585407276,4.636221999653937,5,16,1,135,145,HPIFGNIVDEVAYHEKYPTIYHLR,KLVDSTDK,CAS9HALO,CAS9HALO,CAS9HALO,CAS9HALO,FALSE,5.123972130650319,Cas9_HeLa_Cyt_r2.raw
32000,707.1148,707.117741072655,Intralink,MTNFDKNLPNEK,363.430325141595,3.16117642681365,KDLIIKLPK,267.685122641595,3.4046714634775177,4,6,6,504,1201,MTNFDKNLPNEK,KDLIIKLPK,CAS9HALO,CAS9HALO,CAS9HALO,CAS9HALO,FALSE,5.102369702595337,Cas9_HeLa_Cyt_r2.raw
26579,628.3029,628.304691010094,Intralink,KPAFLSGEQK,276.906647641595,2.8405002824863006,VKYVTEGMR,275.395750079034,2.513457226196755,4,1,2,540,532,KPAFLSGEQK,VKYVTEGM(+15.994900)R,CAS9HALO,CAS9HALO,CAS9HALO,CAS9HALO,FALSE,5.095165994545304,Cas9_HeLa_Cyt_r2.raw
44092,594.7914,594.6265078717698,Intralink,YDEHHQDLTLLKALVR,326.01265558439655,4.849613733935505,YKEIFFDQSK,218.28141558439663,4.921058993796991,6,12,2,340,352,YDEHHQDLTLLKALVR,YKEIFFDQSK,CAS9HALO,CAS9HALO,CAS9HALO,CAS9HALO,FALSE,5.043280039706565,Cas9_HeLa_Cyt_r2.raw
43090,741.2059,741.2086145384368,Intralink,RYDEHHQDLTLLKALVR,352.0295072510633,4.333091944071368,QQLPEKYKEIFFDQSK,338.8466705843967,3.8532049222596143,6,13,8,340,352,RYDEHHQDLTLLKALVR,QQLPEKYKEIFFDQSK,CAS9HALO,CAS9HALO,CAS9HALO,CAS9HALO,FALSE,5.006302886398395,Cas9_HeLa_Cyt_r2.raw
36750,726.3585,726.3596210726549,Intralink,SNFDLAEDAKLQLSK,420.4716101415949,3.2279430428340423,NSDKLIAR,229.88571764159502,3.379899360963808,4,10,4,267,1122,SNFDLAEDAKLQLSK,NSDKLIAR,CAS9HALO,CAS9HALO,CAS9HALO,CAS9HALO,FALSE,4.980625704235864,Cas9_HeLa_Cyt_r2.raw
38162,1076.7358,1076.7393635726548,Intralink,EIFFDQSKNGYAGYIDGGASQEEFYK,741.5896976415949,4.403022599346899,QQLPEKYK,259.14737264159504,3.636220019473094,4,8,6,360,350,EIFFDQSKNGYAGYIDGGASQEEFYK,QQLPEKYK,CAS9HALO,CAS9HALO,CAS9HALO,CAS9HALO,FALSE,4.935397042195404,Cas9_HeLa_Cyt_r2.raw
36659,1034.689,1034.6897901521238,Intralink,EHPVENTQLQNEKLYLYYLQNGR,570.690153407276,2.6881637880819365,GSPEDNEQKQLFVEQHK,403.39925740727597,2.526081533914453,5,13,9,814,1259,EHPVENTQLQNEKLYLYYLQNGR,GSPEDNEQKQLFVEQHK,CAS9HALO,CAS9HALO,CAS9HALO,CAS9HALO,FALSE,4.927087856509488,Cas9_HeLa_Cyt_r2.raw
43059,741.3733,741.2086145384368,Intralink,RYDEHHQDLTLLKALVR,352.0295072510633,4.333527594567457,QQLPEKYKEIFFDQSK,338.8466705843967,3.6993849310530837,6,13,8,340,352,RYDEHHQDLTLLKALVR,QQLPEKYKEIFFDQSK,CAS9HALO,CAS9HALO,CAS9HALO,CAS9HALO,FALSE,4.885736465622007,Cas9_HeLa_Cyt_r2.raw
39156,904.6453,904.647788572655,Intralink,KSEETITPWNFEEVVDK,513.5046426415951,4.392626365455391,MNTKYDENDK,315.14085264159496,4.6730346665730895,4,1,4,472,946,KSEETITPWNFEEVVDK,MNTKYDENDK,CAS9HALO,CAS9HALO,CAS9HALO,CAS9HALO,FALSE,4.869013833966282,Cas9_HeLa_Cyt_r2.raw
28163,708.1378,708.139948152124,Intralink,LKGSPEDNEQKQLFVEQHK,451.63506140727605,3.0423561356609943,KDFQFYK,195.90450740727596,4.21657789245815,5,11,1,1259,972,LKGSPEDNEQKQLFVEQHK,KDFQFYK,CAS9HALO,CAS9HALO,CAS9HALO,CAS9HALO,FALSE,4.864636667073052,Cas9_HeLa_Cyt_r2.raw
53232,796.1447,796.1473885726549,Intralink,SSFEKNPIDFLEAK,406.96087764159495,3.058640746112799,QSGKTILDFLK,313.18421764159496,2.1611099350340743,4,5,4,1180,681,SSFEKNPIDFLEAK,QSGKTILDFLK,CAS9HALO,CAS9HALO,CAS9HALO,CAS9HALO,FALSE,4.8254668502400175,Cas9_HeLa_Cyt_r2.raw
29196,732.3646,732.3676721521241,Intralink,ELGSQILKEHPVENTQLQNEK,487.65726340727605,4.090684870940589,NSDKLIAR,184.11002940727602,4.24563298426669,5,8,4,801,1122,ELGSQILKEHPVENTQLQNEK,NSDKLIAR,CAS9HALO,CAS9HALO,CAS9HALO,CAS9HALO,FALSE,4.82064730354581,Cas9_HeLa_Cyt_r2.raw
54341,697.6497,697.651841072655,Intralink,GILQTVKVVDELVK,385.98816514159495,2.9999232023856197,DLIIKLPK,235.66138264159503,2.3861879586789336,4,7,5,746,1201,GILQTVKVVDELVK,DLIIKLPK,CAS9HALO,CAS9HALO,CAS9HALO,CAS9HALO,FALSE,4.813971748221337,Cas9_HeLa_Cyt_r2.raw
26906,798.1368,798.1375585726549,Intralink,TEVQTGGFSKESILPK,430.98334764159495,2.341449510919126,ENQTTQKGQK,291.151917641595,3.6485344044176555,4,10,7,1111,776,TEVQTGGFSKESILPK,ENQTTQKGQK,CAS9HALO,CAS9HALO,CAS9HALO,CAS9HALO,FALSE,4.6927049740143225,Cas9_HeLa_Cyt_r2.raw
11977,597.0388,597.039928572655,Intralink,ENQTTQKGQK,291.151917641595,2.3866641982450996,NSDKLIAR,229.88571764159502,4.91158294528852,4,7,4,776,1122,ENQTTQKGQK,NSDKLIAR,CAS9HALO,CAS9HALO,CAS9HALO,CAS9HALO,FALSE,4.684966188321833,Cas9_HeLa_Cyt_r2.raw
40014,745.1772,745.1797641521239,Intralink,TEVQTGGFSKESILPK,344.988133407276,4.682272071049759,LPKYSLFELENGRK,339.591251407276,4.23229212042676,5,10,3,1111,1204,TEVQTGGFSKESILPK,LPKYSLFELENGRK,CAS9HALO,CAS9HALO,CAS9HALO,CAS9HALO,FALSE,4.628178665444155,Cas9_HeLa_Cyt_r2.raw
23654,628.3035,628.304691010094,Intralink,KPAFLSGEQK,276.906647641595,2.7299892682439264,VKYVTEGMR,275.395750079034,2.9579330865424978,4,1,2,540,532,KPAFLSGEQK,VKYVTEGM(+15.994900)R,CAS9HALO,CAS9HALO,CAS9HALO,CAS9HALO,FALSE,4.624755084909886,Cas9_HeLa_Cyt_r2.raw
22382,653.569,653.5700485726551,Intralink,GKSDNVPSEEVVK,347.682037641595,2.6110797936865895,NSDKLIAR,229.88571764159502,4.312227940455024,4,2,4,870,1122,GKSDNVPSEEVVK,NSDKLIAR,CAS9HALO,CAS9HALO,CAS9HALO,CAS9HALO,FALSE,4.574935407614676,Cas9_HeLa_Cyt_r2.raw
17066,644.0585,644.060858572655,Intralink,ENQTTQKGQK,291.151917641595,3.7528342643254926,KPAFLSGEQK,276.906647641595,3.8359315543269257,4,7,1,776,540,ENQTTQKGQK,KPAFLSGEQK,CAS9HALO,CAS9HALO,CAS9HALO,CAS9HALO,FALSE,4.511956473322128,Cas9_HeLa_Cyt_r2.raw
34235,695.3434,695.094268572655,Intralink,MTNFDKNLPNEK,363.430325141595,2.1514210906739244,IEKILTFR,255.66165014159498,2.8293501307958624,4,6,3,504,446,MTNFDKNLPNEK,IEKILTFR,CAS9HALO,CAS9HALO,CAS9HALO,CAS9HALO,FALSE,4.510250803491194,Cas9_HeLa_Cyt_r2.raw
47073,845.165,845.1685860726551,Intralink,KSEETITPWNFEEVVDK,513.5046426415951,2.488051482762928,IEKILTFR,255.66165014159498,3.5476796245495112,4,1,3,472,446,KSEETITPWNFEEVVDK,IEKILTFR,CAS9HALO,CAS9HALO,CAS9HALO,CAS9HALO,FALSE,4.457884835006445,Cas9_HeLa_Cyt_r2.raw
32342,757.6701,757.6728333858028,Intralink,EDIQKAQVSGQGDSLHEHIANLAGSPAIKK,449.66747285376863,4.756364618020426,KTEVQTGGFSKESILPK,265.0071685680542,4.1545414487940535,7,5,11,714,1111,EDIQKAQVSGQGDSLHEHIANLAGSPAIKK,KTEVQTGGFSKESILPK,CAS9HALO,CAS9HALO,CAS9HALO,CAS9HALO,FALSE,4.456937647826736,Cas9_HeLa_Cyt_r2.raw
24677,664.8213,664.8221435726549,Intralink,YKEIFFDQSK,326.91848514159494,2.1140768817386233,KKDWDPKK,261.90136514159497,2.0583753339208073,4,2,1,352,1127,YKEIFFDQSK,KKDWDPKK,CAS9HALO,CAS9HALO,CAS9HALO,CAS9HALO,FALSE,4.423384743184578,Cas9_HeLa_Cyt_r2.raw
43613,750.647,750.648293572655,Intralink,SSFEKNPIDFLEAK,406.96087764159495,0.05349393363561467,KDLIIKLPK,267.685122641595,4.547962179686939,4,5,6,1180,1201,SSFEKNPIDFLEAK,KDLIIKLPK,CAS9HALO,CAS9HALO,CAS9HALO,CAS9HALO,FALSE,4.419594593934138,Cas9_HeLa_Cyt_r2.raw
45371,909.4502,909.4529735726551,Intralink,KSEETITPWNFEEVVDK,513.5046426415951,1.5357667619562685,EKIEKILTFR,319.946037641595,3.962296439969972,4,1,5,472,446,KSEETITPWNFEEVVDK,EKIEKILTFR,CAS9HALO,CAS9HALO,CAS9HALO,CAS9HALO,FALSE,4.366385743939639,Cas9_HeLa_Cyt_r2.raw
65599,713.3485,713.3503541521238,Intralink,YDEHHQDLTLLKALVR,391.01373140727594,3.222863654048997,YKEIFFDQSK,261.736243407276,3.6111320471439323,5,12,2,340,352,YDEHHQDLTLLKALVR,YKEIFFDQSK,CAS9HALO,CAS9HALO,CAS9HALO,CAS9HALO,FALSE,4.330937569810309,Cas9_HeLa_Cyt_r2.raw
38378,725.6454,725.6464276715171,Intralink,EDIQKAQVSGQGDSLHEHIANLAGSPAIKK,449.66747285376863,3.512970590302322,SSFEKNPIDFLEAK,232.98076285376854,0.5799582884465261,7,5,5,714,1180,EDIQKAQVSGQGDSLHEHIANLAGSPAIKK,SSFEKNPIDFLEAK,CAS9HALO,CAS9HALO,CAS9HALO,CAS9HALO,FALSE,4.2972100834034395,Cas9_HeLa_Cyt_r2.raw
27766,626.3015,626.3027001521239,Intralink,GKSDNVPSEEVVKK,303.966077407276,0.9983724882663306,YKEIFFDQSK,261.736243407276,0.4121935458701798,5,13,2,881,352,GKSDNVPSEEVVKK,YKEIFFDQSK,CAS9HALO,CAS9HALO,CAS9HALO,CAS9HALO,FALSE,4.274472174727827,Cas9_HeLa_Cyt_r2.raw
28722,616.0557,616.057848572655,Intralink,KPAFLSGEQK,276.906647641595,3.2825445837089235,FKVLGNTDR,263.148907641595,4.1970561535867565,4,1,2,540,37,KPAFLSGEQK,FKVLGNTDR,CAS9HALO,CAS9HALO,CAS9HALO,CAS9HALO,FALSE,4.071990744346902,Cas9_HeLa_Cyt_r2.raw
24143,525.2632,525.2652201521239,Intralink,KPAFLSGEQKK,247.345765407276,4.319143282116696,VKYVTEGMR,217.31907540727602,2.751448657085877,5,1,2,540,532,KPAFLSGEQKK,VKYVTEGMR,CAS9HALO,CAS9HALO,CAS9HALO,CAS9HALO,FALSE,4.01978524578345,Cas9_HeLa_Cyt_r2.raw
30799,655.0808,655.0811535100939,Intralink,VVDELVKVMGR,315.92995257903397,4.585734016556306,FKVLGNTDR,263.148907641595,3.499222889144634,4,7,2,753,37,VVDELVKVM(+15.994900)GR,FKVLGNTDR,CAS9HALO,CAS9HALO,CAS9HALO,CAS9HALO,FALSE,3.9215911834349786,Cas9_HeLa_Cyt_r2.raw
34250,695.0933,695.094268572655,Intralink,MTNFDKNLPNEK,363.430325141595,0.036375142037282905,IEKILTFR,255.66165014159498,1.632136601183396,4,6,3,504,446,MTNFDKNLPNEK,IEKILTFR,CAS9HALO,CAS9HALO,CAS9HALO,CAS9HALO,FALSE,3.9046227275206093,Cas9_HeLa_Cyt_r2.raw
26525,624.3051,624.305966072655,Intralink,KPAFLSGEQK,276.906647641595,2.7299892682439264,VKYVTEGMR,271.397025141595,2.751448657085877,4,1,2,540,532,KPAFLSGEQK,VKYVTEGMR,CAS9HALO,CAS9HALO,CAS9HALO,CAS9HALO,FALSE,3.829909730060395,Cas9_HeLa_Cyt_r2.raw
47350,851.4337,851.435868152124,Intralink,YSIGLAIGTNSVGWAVITDEYKVPSKK,580.114907407276,3.315519031220318,FKVLGNTDR,210.720581407276,3.615528365583699,5,26,2,34,37,YSIGLAIGTNSVGWAVITDEYKVPSKK,FKVLGNTDR,CAS9HALO,CAS9HALO,CAS9HALO,CAS9HALO,FALSE,3.78095393044383,Cas9_HeLa_Cyt_r2.raw
50902,1082.2555,1082.260726072655,Intralink,SEETITPWNFEEVVDKGASAQSFIER,743.1095251415951,0.9622291312855833,FKVLGNTDR,263.148907641595,3.1503066221503615,4,16,2,488,37,SEETITPWNFEEVVDKGASAQSFIER,FKVLGNTDR,CAS9HALO,CAS9HALO,CAS9HALO,CAS9HALO,FALSE,3.7778248905315857,Cas9_HeLa_Cyt_r2.raw
23304,632.5378,632.539491072655,Intralink,LKGSPEDNEQK,311.908382641595,3.6834572931984204,KDFQFYK,244.62881514159497,4.341715954198998,4,2,1,1250,972,LKGSPEDNEQK,KDFQFYK,CAS9HALO,CAS9HALO,CAS9HALO,CAS9HALO,FALSE,3.7576273625166348,Cas9_HeLa_Cyt_r2.raw
32024,655.1396,654.941346152124,Intralink,VNTEITKAPLSASMIKR,372.61419340727605,3.770818044232018,KPAFLSGEQK,221.726773407276,2.951842364204133,5,7,1,318,540,VNTEITKAPLSASMIKR,KPAFLSGEQK,CAS9HALO,CAS9HALO,CAS9HALO,CAS9HALO,FALSE,3.733773732207098,Cas9_HeLa_Cyt_r2.raw
28588,629.8138,629.815588572655,Homomeric-inter,KPAFLSGEQK,276.906647641595,3.6140780660918996,KPAFLSGEQK,276.906647641595,3.614909110244125,4,1,1,540,540,KPAFLSGEQK,KPAFLSGEQK,CAS9HALO,CAS9HALO,CAS9HALO,CAS9HALO,FALSE,3.7318312170601144,Cas9_HeLa_Cyt_r2.raw
37737,868.1737,868.1769460726549,Intralink,KYGGFDSPTVAYSVLVVAK,501.022735141595,2.602289600168688,ENQTTQKGQK,291.151917641595,2.3874544739537513,4,1,7,1134,776,KYGGFDSPTVAYSVLVVAK,ENQTTQKGQK,CAS9HALO,CAS9HALO,CAS9HALO,CAS9HALO,FALSE,3.6868832552122233,Cas9_HeLa_Cyt_r2.raw
34550,623.8145,623.8155910726549,Intralink,YDENDKLIR,292.151647641595,4.80324194474055,IEKILTFR,255.66165014159498,3.3082363452992554,4,6,3,952,446,YDENDKLIR,IEKILTFR,CAS9HALO,CAS9HALO,CAS9HALO,CAS9HALO,FALSE,3.6009883103083737,Cas9_HeLa_Cyt_r2.raw
39766,805.4005,805.402488572655,Intralink,LESEFVYGDYKVYDVR,496.243995141595,4.921522389160104,EVKVITLK,233.156200141595,4.799203219524157,4,11,3,1018,958,LESEFVYGDYKVYDVR,EVKVITLK,CAS9HALO,CAS9HALO,CAS9HALO,CAS9HALO,FALSE,3.600147664674393,Cas9_HeLa_Cyt_r2.raw
41873,768.3992,768.400281072655,Intralink,VILADANLDKVLSAYNK,462.51227014159497,1.8334415438520406,NSDKLIAR,229.88571764159502,3.579683910218614,4,10,4,1293,1122,VILADANLDKVLSAYNK,NSDKLIAR,CAS9HALO,CAS9HALO,CAS9HALO,CAS9HALO,FALSE,3.5978680746826233,Cas9_HeLa_Cyt_r2.raw
14782,637.8137,637.814856072655,Intralink,ENQTTQKGQK,291.151917641595,1.9663049288953602,SKLVSDFRK,270.66064514159496,4.3758541921201415,4,7,2,776,965,ENQTTQKGQK,SKLVSDFRK,CAS9HALO,CAS9HALO,CAS9HALO,CAS9HALO,FALSE,3.5644515404210027,Cas9_HeLa_Cyt_r2.raw
39149,830.0074,830.0088601521238,Intralink,YDEHHQDLTLLKALVR,391.01373140727594,4.411171531432565,LEESFLVEEDKKHER,378.394749407276,3.8153327326862647,5,12,11,340,115,YDEHHQDLTLLKALVR,LEESFLVEEDKKHER,CAS9HALO,CAS9HALO,CAS9HALO,CAS9HALO,FALSE,3.530986376072145,Cas9_HeLa_Cyt_r2.raw
36245,592.0708,592.071598572655,Intralink,VVDELVKVMGR,311.931227641595,1.0649772701691498,KLINGIR,204.13807764159498,1.9820383816106997,4,7,1,753,669,VVDELVKVMGR,KLINGIR,CAS9HALO,CAS9HALO,CAS9HALO,CAS9HALO,FALSE,3.433530274664159,Cas9_HeLa_Cyt_r2.raw
26934,610.5466,610.548226072655,Intralink,VKYVTEGMR,271.397025141595,4.216492587616398,FKVLGNTDR,263.148907641595,3.7318338690766004,4,2,2,532,37,VKYVTEGMR,FKVLGNTDR,CAS9HALO,CAS9HALO,CAS9HALO,CAS9HALO,FALSE,3.42092293563564,Cas9_HeLa_Cyt_r2.raw
25730,532.0583,532.0591701521239,Intralink,YKEIFFDQSK,261.736243407276,0.692889472144369,KKDWDPKK,209.72254740727598,1.3572113918421165,5,2,7,352,1133,YKEIFFDQSK,KKDWDPKK,CAS9HALO,CAS9HALO,CAS9HALO,CAS9HALO,FALSE,3.3730248334921247,Cas9_HeLa_Cyt_r2.raw
35392,594.8112,594.812851072655,Intralink,FKVLGNTDR,263.148907641595,4.661404251900205,IEKILTFR,255.66165014159498,4.385732004919248,4,2,3,37,446,FKVLGNTDR,IEKILTFR,CAS9HALO,CAS9HALO,CAS9HALO,CAS9HALO,FALSE,3.3153158135683967,Cas9_HeLa_Cyt_r2.raw
33713,607.8227,607.823148572655,Intralink,KTEVQTGGFSK,296.15947264159496,2.507599021398088,DLIIKLPK,235.66138264159503,3.685336261384596,4,1,5,1101,1201,KTEVQTGGFSK,DLIIKLPK,CAS9HALO,CAS9HALO,CAS9HALO,CAS9HALO,FALSE,3.3067604255700838,Cas9_HeLa_Cyt_r2.raw
40382,861.6977,861.6993560726552,Intralink,FIKPILEKMDGTEELLVK,526.5496901415951,2.8974127675154757,QQLPEKYK,259.14737264159504,1.7465174034041873,4,8,6,386,350,FIKPILEKMDGTEELLVK,QQLPEKYK,CAS9HALO,CAS9HALO,CAS9HALO,CAS9HALO,FALSE,3.1365542502880013,Cas9_HeLa_Cyt_r2.raw
18361,871.1486,871.151463572655,Intralink,GSPEDNEQKQLFVEQHK,503.99725264159497,4.223612361729034,ENQTTQKGQK,291.151917641595,4.384165832692122,4,9,7,1259,776,GSPEDNEQKQLFVEQHK,ENQTTQKGQK,CAS9HALO,CAS9HALO,CAS9HALO,CAS9HALO,FALSE,3.1040327221482924,Cas9_HeLa_Cyt_r2.raw
31486,559.2672,559.2680135726549,Intralink,KDFQFYK,244.62881514159497,3.840222857810233,SKLVSDFR,238.63690514159498,3.372559513041685,4,1,2,972,965,KDFQFYK,SKLVSDFR,CAS9HALO,CAS9HALO,CAS9HALO,CAS9HALO,FALSE,3.0994923745164833,Cas9_HeLa_Cyt_r2.raw
38630,729.837,729.8392635726549,Homomeric-inter,YKEIFFDQSK,326.91848514159494,4.17252888977456,YKEIFFDQSK,326.91848514159494,4.173232507501153,4,2,2,352,352,YKEIFFDQSK,YKEIFFDQSK,CAS9HALO,CAS9HALO,CAS9HALO,CAS9HALO,FALSE,3.0961038652420223,Cas9_HeLa_Cyt_r2.raw
34219,666.0686,666.0696860726549,Intralink,YKEIFFDQSK,326.91848514159494,1.4591166563562294,FKVLGNTDR,263.148907641595,2.219864433865405,4,2,2,352,37,YKEIFFDQSK,FKVLGNTDR,CAS9HALO,CAS9HALO,CAS9HALO,CAS9HALO,FALSE,3.0863574537923966,Cas9_HeLa_Cyt_r2.raw
20359,611.7811,611.7830260726549,Intralink,ENQTTQKGQK,291.151917641595,2.596843965446173,KDFQFYK,244.62881514159497,4.09143986203623,4,7,1,776,972,ENQTTQKGQK,KDFQFYK,CAS9HALO,CAS9HALO,CAS9HALO,CAS9HALO,FALSE,3.069246041934719,Cas9_HeLa_Cyt_r2.raw
32013,654.5739,654.5760685726549,Heteromeric-inter,LEESFLVEEDKK,367.1909651415949,3.0170550582218087,ESLIKPR,211.38281014159503,3.6361745387829787,4,11,5,115,1305,LEESFLVEEDKK,ESLIKPR,CAS9HALO,Q5T890,CAS9HALO,ERCC6L2,FALSE,3.047553233860979,Cas9_HeLa_Cyt_r2.raw
31964,640.299,640.300041072655,Intralink,DDSIDNKVLTR,319.668932641595,3.9481164648457887,KDFQFYK,244.62881514159497,2.589785939845389,4,7,1,859,972,DDSIDNKVLTR,KDFQFYK,CAS9HALO,CAS9HALO,CAS9HALO,CAS9HALO,FALSE,3.0312117056130283,Cas9_HeLa_Cyt_r2.raw
39507,811.9208,811.9219535100939,Intralink,LPKYSLFELENGR,392.213505141595,2.55782930691022,VLSMPQVNIVKK,343.7061550790339,2.577966855668405,4,3,11,1204,1100,LPKYSLFELENGR,VLSM(+15.994900)PQVNIVKK,CAS9HALO,CAS9HALO,CAS9HALO,CAS9HALO,FALSE,2.9908703109506996,Cas9_HeLa_Cyt_r2.raw
28937,536.0354,536.036118572655,Intralink,KPAFLSGEQK,276.906647641595,2.8405002824863006,KDLIIK,183.127177641595,3.5204451405559354,4,1,1,540,1196; 796,KPAFLSGEQK,KDLIIK,CAS9HALO,CAS9HALO; Q8NDZ2,CAS9HALO,CAS9HALO; SIMC1,FALSE,2.9443389726533415,Cas9_HeLa_Cyt_r2.raw
23731,577.2839,577.2850360726551,Intralink,VKYVTEGMR,271.397025141595,3.42716565057278,NSDKLIAR,229.88571764159502,4.445417879440914,4,2,4,532,1122,VKYVTEGMR,NSDKLIAR,CAS9HALO,CAS9HALO,CAS9HALO,CAS9HALO,FALSE,2.89376168481871,Cas9_HeLa_Cyt_r2.raw
22536,582.7847,582.786566072655,Intralink,KPAFLSGEQK,276.906647641595,1.6248804692101557,KKDWDPK,229.877625141595,3.0903157237669947,4,1,2,540,1128,KPAFLSGEQK,KKDWDPK,CAS9HALO,CAS9HALO,CAS9HALO,CAS9HALO,FALSE,2.8862788942762996,Cas9_HeLa_Cyt_r2.raw
26301,454.6479,454.64934215212395,Intralink,KPAFLSGEQKK,247.345765407276,4.022060394969743,KDLIIK,146.703197407276,3.185768440304795,5,1,1,540,1196; 796,KPAFLSGEQKK,KDLIIK,CAS9HALO,CAS9HALO; Q8NDZ2,CAS9HALO,CAS9HALO; SIMC1,FALSE,2.786795050919209,Cas9_HeLa_Cyt_r2.raw
36872,651.0806,651.082428572655,Intralink,VVDELVKVMGR,311.931227641595,3.152120343238154,FKVLGNTDR,263.148907641595,3.9644449572239497,4,7,2,753,37,VVDELVKVMGR,FKVLGNTDR,CAS9HALO,CAS9HALO,CAS9HALO,CAS9HALO,FALSE,2.7776473043286427,Cas9_HeLa_Cyt_r2.raw
41042,662.534,662.3346921521238,Intralink,YDEHHQDLTLLKALVR,391.01373140727594,3.034691557124219,FKVLGNTDR,210.720581407276,0.9405092520866483,5,12,2,340,37,YDEHHQDLTLLKALVR,FKVLGNTDR,CAS9HALO,CAS9HALO,CAS9HALO,CAS9HALO,FALSE,2.7301973280327005,Cas9_HeLa_Cyt_r2.raw
43534,865.698,865.700891072655,Intralink,FIKPILEKMDGTEELLVK,526.5496901415951,4.174321917061382,FKVLGNTDR,263.148907641595,3.499222889144634,4,8,2,386,37,FIKPILEKMDGTEELLVK,FKVLGNTDR,CAS9HALO,CAS9HALO,CAS9HALO,CAS9HALO,FALSE,2.700713215050382,Cas9_HeLa_Cyt_r2.raw
47547,666.1263,666.1285360726549,Intralink,GILQTVKVVDELVK,385.98816514159495,4.584306301779341,KLINGIR,204.13807764159498,4.75798354233538,4,7,1,746,669,GILQTVKVVDELVK,KLINGIR,CAS9HALO,CAS9HALO,CAS9HALO,CAS9HALO,FALSE,2.6208491916681007,Cas9_HeLa_Cyt_r2.raw
29469,590.54,590.291058572655,Intralink,YKEIFFDQSK,326.91848514159494,0.5234606797930149,VMKQLK,187.370280141595,1.0663427422153389,4,2,3,352,653,YKEIFFDQSK,VMKQLK,CAS9HALO,CAS9HALO,CAS9HALO,CAS9HALO,FALSE,2.6208491916681007,Cas9_HeLa_Cyt_r2.raw
25764,640.9289,640.9300521521238,Intralink,KTEVQTGGFSKESILPK,370.60712540727593,2.0414108931985195,KKDWDPKK,209.72254740727598,2.87640117574554,5,11,7,1111,1133,KTEVQTGGFSKESILPK,KKDWDPKK,CAS9HALO,CAS9HALO,CAS9HALO,CAS9HALO,FALSE,2.5658860665720695,Cas9_HeLa_Cyt_r2.raw
36609,820.2242,820.2250421521242,Intralink,ELGSQILKEHPVENTQLQNEK,487.65726340727605,3.4889182021425853,KVLSMPQVNIVK,271.96739940727605,4.119291888569682,5,8,1,801,1089,ELGSQILKEHPVENTQLQNEK,KVLSMPQVNIVK,CAS9HALO,CAS9HALO,CAS9HALO,CAS9HALO,FALSE,2.5535526510676503,Cas9_HeLa_Cyt_r2.raw
50274,741.9739,741.976556152124,Heteromeric-inter,GNELALPSKYVNFLYLASHYEK,512.068473407276,1.085672711411728,ESLIKPR,169.30770340727602,4.796385568389748,5,9,5,1235,1305,GNELALPSKYVNFLYLASHYEK,ESLIKPR,CAS9HALO,Q5T890,CAS9HALO,ERCC6L2,FALSE,2.499651031925116,Cas9_HeLa_Cyt_r2.raw
31101,584.496,584.295186152124,Intralink,LPKYSLFELENGR,313.97225940727606,2.8696659793873422,KKDWDPKK,209.72254740727598,3.513707469715294,5,3,1,1204,1127,LPKYSLFELENGR,KKDWDPKK,CAS9HALO,CAS9HALO,CAS9HALO,CAS9HALO,FALSE,2.458016068341698,Cas9_HeLa_Cyt_r2.raw
37776,515.8006,515.801753572655,Intralink,DLIIKLPK,235.66138264159503,2.709997759070895,KLINGIR,204.13807764159498,3.032394197515703,4,5,1,1201,669,DLIIKLPK,KLINGIR,CAS9HALO,CAS9HALO,CAS9HALO,CAS9HALO,FALSE,2.364891787555514,Cas9_HeLa_Cyt_r2.raw
28248,602.5049,602.5070461521238,Intralink,LEESFLVEEDKKHER,378.394749407276,3.6855299691393992,KLINGIR,163.51191740727597,4.307829226068398,5,11,1,115,669,LEESFLVEEDKKHER,KLINGIR,CAS9HALO,CAS9HALO,CAS9HALO,CAS9HALO,FALSE,2.269335843598486,Cas9_HeLa_Cyt_r2.raw
21422,528.4622,528.4642001020751,Intralink,KPAFLSGEQKK,247.345765407276,4.022060394969743,VKYVTEGMR,220.51805535722718,3.6246476179052083,5,1,2,540,532,KPAFLSGEQKK,VKYVTEGM(+15.994900)R,CAS9HALO,CAS9HALO,CAS9HALO,CAS9HALO,FALSE,2.261514522737061,Cas9_HeLa_Cyt_r2.raw
16985,617.7944,617.796393572655,Intralink,LKGSPEDNEQK,311.908382641595,2.3110801543652375,NSDKLIAR,229.88571764159502,3.1125185003919027,4,2,4,1250,1122,LKGSPEDNEQK,NSDKLIAR,CAS9HALO,CAS9HALO,CAS9HALO,CAS9HALO,FALSE,2.25147791143848,Cas9_HeLa_Cyt_r2.raw
34191,711.1233,711.1237185726549,Intralink,TEVQTGGFSKESILPK,430.98334764159495,3.0507885233842837,KLINGIR,204.13807764159498,3.3324962644766982,4,10,1,1111,669,TEVQTGGFSKESILPK,KLINGIR,CAS9HALO,CAS9HALO,CAS9HALO,CAS9HALO,FALSE,2.1803976041652025,Cas9_HeLa_Cyt_r2.raw
30544,601.3093,601.310141072655,Intralink,YDENDKLIR,292.151647641595,3.8606744304799636,EVKVITLK,233.156200141595,3.6830208388746932,4,6,3,952,958,YDENDKLIR,EVKVITLK,CAS9HALO,CAS9HALO,CAS9HALO,CAS9HALO,FALSE,2.150870990807,Cas9_HeLa_Cyt_r2.raw
41185,677.6772,677.6776195384368,Heteromeric-inter,HPIFGNIVDEVAYHEKYPTIYHLR,486.08755058439675,2.588674987725276,ESLIKPR,141.25763225106337,1.6812527465420326,6,16,5,135,1305,HPIFGNIVDEVAYHEKYPTIYHLR,ESLIKPR,CAS9HALO,Q5T890,CAS9HALO,ERCC6L2,FALSE,2.1217014134209538,Cas9_HeLa_Cyt_r2.raw
31792,743.1468,743.147458572655,Intralink,KTEVQTGGFSKESILPK,463.0070876415949,0.7870386283685294,KLINGIR,204.13807764159498,1.081735152732005,4,11,1,1111,669,KTEVQTGGFSKESILPK,KLINGIR,CAS9HALO,CAS9HALO,CAS9HALO,CAS9HALO,FALSE,2.110472660652909,Cas9_HeLa_Cyt_r2.raw
31191,632.806,632.806496072655,Intralink,YKEIFFDQSK,326.91848514159494,3.4239999063404083,NSDKLIAR,229.88571764159502,3.579683910218614,4,2,4,352,1122,YKEIFFDQSK,NSDKLIAR,CAS9HALO,CAS9HALO,CAS9HALO,CAS9HALO,FALSE,2.0921595835558646,Cas9_HeLa_Cyt_r2.raw
38315,707.856,707.8567135726549,Heteromeric-inter,SNFDLAEDAKLQLSK,420.4716101415949,1.8464452786233345,ESLIKPR,211.38281014159503,1.8261422148764297,4,10,5,267,1305,SNFDLAEDAKLQLSK,ESLIKPR,CAS9HALO,Q5T890,CAS9HALO,ERCC6L2,FALSE,2.0178953135151083,Cas9_HeLa_Cyt_r2.raw
41255,694.3445,694.345981072655,Heteromeric-inter,SSFEKNPIDFLEAK,406.96087764159495,2.4576099386731296,ESLIKPR,211.38281014159503,4.72394039861747,4,5,5,1180,1305,SSFEKNPIDFLEAK,ESLIKPR,CAS9HALO,Q5T890,CAS9HALO,ERCC6L2,FALSE,2.0174519915849465,Cas9_HeLa_Cyt_r2.raw
28356,631.3018,631.302848572655,Intralink,YDENDKLIR,292.151647641595,3.651215224168222,FKVLGNTDR,263.148907641595,1.8709490596452345,4,6,2,952,37,YDENDKLIR,FKVLGNTDR,CAS9HALO,CAS9HALO,CAS9HALO,CAS9HALO,FALSE,1.946334961939387,Cas9_HeLa_Cyt_r2.raw
20224,614.8089,614.810306072655,Intralink,KPAFLSGEQK,276.906647641595,1.072326985639357,KKDWDPKK,261.90136514159497,4.863040934867275,4,1,2,540,1128,KPAFLSGEQK,KKDWDPKK,CAS9HALO,CAS9HALO,CAS9HALO,CAS9HALO,FALSE,1.9427438143398947,Cas9_HeLa_Cyt_r2.raw
35163,627.0908,627.092533572655,Heteromeric-inter,VLSMPQVNIVKK,339.70743014159495,3.3983285252234494,ESLIKPR,211.38281014159503,3.9270442238944843,4,11,5,1100,1305,VLSMPQVNIVKK,ESLIKPR,CAS9HALO,Q5T890,CAS9HALO,ERCC6L2,FALSE,1.9390240881911327,Cas9_HeLa_Cyt_r2.raw
33642,645.5933,645.595441072655,Intralink,VLSMPQVNIVKK,339.70743014159495,4.658830219993674,NSDKLIAR,229.88571764159502,4.24563298426669,4,11,4,1100,1122,VLSMPQVNIVKK,NSDKLIAR,CAS9HALO,CAS9HALO,CAS9HALO,CAS9HALO,FALSE,1.922332776406775,Cas9_HeLa_Cyt_r2.raw
27929,646.9376,646.5377561521238,Intralink,KTEVQTGGFSKESILPK,370.60712540727593,4.975434674066954,RNSDKLIAR,215.33025140727605,3.774919514335963,5,11,5,1111,1122,KTEVQTGGFSKESILPK,RNSDKLIAR,CAS9HALO,CAS9HALO,CAS9HALO,CAS9HALO,FALSE,1.9214270865278318,Cas9_HeLa_Cyt_r2.raw
30830,711.7686,711.7695601521241,Intralink,ELGSQILKEHPVENTQLQNEK,487.65726340727605,1.1821526810440763,KLINGIR,163.51191740727597,1.9820383816106997,5,8,1,801,669,ELGSQILKEHPVENTQLQNEK,KLINGIR,CAS9HALO,CAS9HALO,CAS9HALO,CAS9HALO,FALSE,1.8978985305589557,Cas9_HeLa_Cyt_r2.raw
37169,709.6901,709.5241812051034,Intralink,HPIFGNIVDEVAYHEKYPTIYHLRK,507.43671058439674,4.0824795617510965,KLVDSTDK,151.75503391773,3.6251329277345765,6,16,1,135,145,HPIFGNIVDEVAYHEKYPTIYHLRK,KLVDSTDK,CAS9HALO,CAS9HALO,CAS9HALO,CAS9HALO,FALSE,1.8978985305589557,Cas9_HeLa_Cyt_r2.raw
23005,583.5427,583.544576072655,Heteromeric-inter,KTEVQTGGFSK,296.15947264159496,3.2307586998917244,ESLIKPR,211.38281014159503,4.796385568389748,4,1,5,1101,1305,KTEVQTGGFSK,ESLIKPR,CAS9HALO,Q5T890,CAS9HALO,ERCC6L2,FALSE,1.8702902548677078,Cas9_HeLa_Cyt_r2.raw
16131,658.3178,658.318693572655,Homomeric-inter,SEQEIGKATAK,291.158200141595,4.789441835623942,SEQEIGKATAK,291.158200141595,4.790232098033594,4,7,7,1035,1035,SEQEIGKATAK,SEQEIGKATAK,CAS9HALO,CAS9HALO,CAS9HALO,CAS9HALO,FALSE,1.8511267154799063,Cas9_HeLa_Cyt_r2.raw
39419,647.6498,647.65051287177,Intralink,HPIFGNIVDEVAYHEKYPTIYHLR,486.08755058439675,3.9303512127662947,DKQSGK,111.23052558439667,3.1804393052223348,6,16,2,135,677,HPIFGNIVDEVAYHEKYPTIYHLR,DKQSGK,CAS9HALO,CAS9HALO,CAS9HALO,CAS9HALO,FALSE,1.8508497231683942,Cas9_HeLa_Cyt_r2.raw
10015,636.0635,636.0652060726551,Intralink,ENQTTQKGQK,291.151917641595,2.3866641982450996,RNSDKLIAR,268.91099514159504,3.205887984830317,4,7,5,776,1122,ENQTTQKGQK,RNSDKLIAR,CAS9HALO,CAS9HALO,CAS9HALO,CAS9HALO,FALSE,1.8479869961725417,Cas9_HeLa_Cyt_r2.raw
34200,698.0922,698.0934235726551,Intralink,LPKYSLFELENGR,392.213505141595,3.181502846348248,KKDWDPK,229.877625141595,2.7573300847547624,4,3,2,1204,1128,LPKYSLFELENGR,KKDWDPK,CAS9HALO,CAS9HALO,CAS9HALO,CAS9HALO,FALSE,1.7763994985777414,Cas9_HeLa_Cyt_r2.raw
30633,478.005,478.005826072655,Intralink,DLIIKLPK,235.66138264159503,1.99546716867176,DKQSGK,166.342150141595,2.7196873319084296,4,5,2,1201,677,DLIIKLPK,DKQSGK,CAS9HALO,CAS9HALO,CAS9HALO,CAS9HALO,FALSE,1.7457520540008917,Cas9_HeLa_Cyt_r2.raw
34827,589.9012,589.902890152124,Intralink,LPKYSLFELENGR,313.97225940727606,4.740690098415904,RNSDKLIAR,215.33025140727605,3.319694238924135,5,3,5,1204,1122,LPKYSLFELENGR,RNSDKLIAR,CAS9HALO,CAS9HALO,CAS9HALO,CAS9HALO,FALSE,1.6973220050767153,Cas9_HeLa_Cyt_r2.raw
25943,601.2715,601.073900152124,Intralink,HKPENIVIEMAR,288.15938340727604,3.943004972733942,MNTKYDENDK,252.31413740727598,3.0228218115624976,5,2,4,759,946,HKPENIVIEMAR,MNTKYDENDK,CAS9HALO,CAS9HALO,CAS9HALO,CAS9HALO,FALSE,1.6924077560322608,Cas9_HeLa_Cyt_r2.raw
26609,710.3523,710.35431287177,Intralink,ELGSQILKEHPVENTQLQNEK,406.54893225106343,4.391568476931069,GKSDNVPSEEVVKK,253.47294391772996,3.8335534419386676,6,8,2,801,870,ELGSQILKEHPVENTQLQNEK,GKSDNVPSEEVVKK,CAS9HALO,CAS9HALO,CAS9HALO,CAS9HALO,FALSE,1.643902255588978,Cas9_HeLa_Cyt_r2.raw
17822,781.0598,780.7270859402066,Intralink,LKGSPEDNEQK,415.5420846987933,0.8391524634775941,VITLKSK,263.51285136546,0.7933937335754089,3,2,5,1250,963,LKGSPEDNEQK,VITLKSK,CAS9HALO,CAS9HALO,CAS9HALO,CAS9HALO,FALSE,1.63416068912763,Cas9_HeLa_Cyt_r2.raw
52197,782.6488,782.6503660726551,Intralink,HYLDEIIEQISEFSKR,502.5099951415951,2.9920896585289656,KLINGIR,204.13807764159498,2.957368708919499,4,15,1,1282,669,HYLDEIIEQISEFSKR,KLINGIR,CAS9HALO,CAS9HALO,CAS9HALO,CAS9HALO,FALSE,1.624128823013231,Cas9_HeLa_Cyt_r2.raw
27924,602.5047,602.5070461521238,Intralink,LEESFLVEEDKKHER,378.394749407276,4.396771316448595,KLINGIR,163.51191740727597,3.6325985115597024,5,12,1,116,669,LEESFLVEEDKKHER,KLINGIR,CAS9HALO,CAS9HALO,CAS9HALO,CAS9HALO,FALSE,1.6153848488960072,Cas9_HeLa_Cyt_r2.raw
17927,487.4931,487.49435607265497,Intralink,NSDKLIAR,229.88571764159502,2.979328916461749,GYKEVK,181.606345141595,3.695279035484732,4,4,3,1122,1192,NSDKLIAR,GYKEVK,CAS9HALO,CAS9HALO,CAS9HALO,CAS9HALO,FALSE,1.599196833780961,Cas9_HeLa_Cyt_r2.raw
28274,557.0457,557.047018572655,Intralink,KPAFLSGEQK,276.906647641595,2.9510113211539792,KLINGIR,204.13807764159498,3.932700938764878,4,1,1,540,669,KPAFLSGEQK,KLINGIR,CAS9HALO,CAS9HALO,CAS9HALO,CAS9HALO,FALSE,1.5968859383782041,Cas9_HeLa_Cyt_r2.raw
27129,754.1749,754.1782201521239,Intralink,KRPLIETNGETGEIVWDKGR,460.44982540727597,3.4482919975362454,SEQEIGKATAK,233.128015407276,4.579265693740207,5,1,7,1063,1035,KRPLIETNGETGEIVWDKGR,SEQEIGKATAK,CAS9HALO,CAS9HALO,CAS9HALO,CAS9HALO,FALSE,1.5957128534551428,Cas9_HeLa_Cyt_r2.raw
24580,689.6916,689.3586692735402,Heteromeric-inter,NSDKLIAR,306.17853136546006,1.7806242576353533,ESLIKPR,281.5079880321267,1.8261422148764297,3,4,5,1122,1305,NSDKLIAR,ESLIKPR,CAS9HALO,Q5T890,CAS9HALO,ERCC6L2,FALSE,1.5947548777825296,Cas9_HeLa_Cyt_r2.raw
27473,608.3011,608.302832152124,Heteromeric-inter,LEESFLVEEDKKHER,378.394749407276,3.362238782089346,ESLIKPR,169.30770340727602,3.854599180080706,5,11,5,115,1305,LEESFLVEEDKKHER,ESLIKPR,CAS9HALO,Q5T890,CAS9HALO,ERCC6L2,FALSE,1.566447948308917,Cas9_HeLa_Cyt_r2.raw
27797,481.644,481.6449201521239,Intralink,LKTYAHLFDDK,270.946861407276,2.4860369280408396,VMKQLK,150.097679407276,3.2740403233301754,5,2,3,641,653,LKTYAHLFDDK,VMKQLK,CAS9HALO,CAS9HALO,CAS9HALO,CAS9HALO,FALSE,1.5637166875313624,Cas9_HeLa_Cyt_r2.raw
28015,755.7734,755.7769961521242,Intralink,ELGSQILKEHPVENTQLQNEK,487.65726340727605,2.385681190364922,QQLPEKYK,207.51935340727604,1.5103050785621261,5,8,6,801,350,ELGSQILKEHPVENTQLQNEK,QQLPEKYK,CAS9HALO,CAS9HALO,CAS9HALO,CAS9HALO,FALSE,1.5467267575679124,Cas9_HeLa_Cyt_r2.raw
31884,689.8537,689.8552595384367,Intralink,EDIQKAQVSGQGDSLHEHIANLAGSPAIK,503.09501225106345,4.881078524761716,KLINGIR,136.42781058439667,3.032394197515703,6,5,1,714,669,EDIQKAQVSGQGDSLHEHIANLAGSPAIK,KLINGIR,CAS9HALO,CAS9HALO,CAS9HALO,CAS9HALO,FALSE,1.5345796542590533,Cas9_HeLa_Cyt_r2.raw
25278,510.0242,510.02608857265494,Intralink,NSDKLIAR,229.88571764159502,4.444416291031408,KLINGIR,204.13807764159498,3.7826497026470087,4,4,1,1122,669,NSDKLIAR,KLINGIR,CAS9HALO,CAS9HALO,CAS9HALO,CAS9HALO,FALSE,1.482682571055547,Cas9_HeLa_Cyt_r2.raw
42323,666.0889,666.090348572655,Intralink,SSFEKNPIDFLEAK,406.96087764159495,4.786608341916358,KDLIIK,183.127177641595,3.3531067624283355,4,5,1,1180,1196; 796,SSFEKNPIDFLEAK,KDLIIK,CAS9HALO,CAS9HALO; Q8NDZ2,CAS9HALO,CAS9HALO; SIMC1,FALSE,1.444130504304378,Cas9_HeLa_Cyt_r2.raw
25888,823.007,823.0071061521242,Intralink,EDIQKAQVSGQGDSLHEHIANLAGSPAIKK,629.131551407276,2.7358508931552246,DKQSGK,133.27517540727598,1.3374339594636613,5,5,2,714,677,EDIQKAQVSGQGDSLHEHIANLAGSPAIKK,DKQSGK,CAS9HALO,CAS9HALO,CAS9HALO,CAS9HALO,FALSE,1.4220335628989045,Cas9_HeLa_Cyt_r2.raw
27911,664.6559,664.6579745384367,Intralink,EDIQKAQVSGQGDSLHEHIANLAGSPAIK,503.09501225106345,4.557016537408693,DKQSGK,111.23052558439667,4.562697772669214,6,5,2,714,677,EDIQKAQVSGQGDSLHEHIANLAGSPAIK,DKQSGK,CAS9HALO,CAS9HALO,CAS9HALO,CAS9HALO,FALSE,1.3628374673778032,Cas9_HeLa_Cyt_r2.raw
28343,643.5696,643.570696072655,Intralink,MTNFDKNLPNEK,363.430325141595,2.4880059761420643,KLINGIR,204.13807764159498,3.032394197515703,4,6,1,504,669,MTNFDKNLPNEK,KLINGIR,CAS9HALO,CAS9HALO,CAS9HALO,CAS9HALO,FALSE,1.3306239853157316,Cas9_HeLa_Cyt_r2.raw
38429,636.8215,636.8234135726549,Heteromeric-inter,NPIDFLEAKGYK,349.4383101415949,1.7703821726961841,ESLIKPR,211.38281014159503,1.245495025827841,4,9,5,1189,1305,NPIDFLEAKGYK,ESLIKPR,CAS9HALO,Q5T890,CAS9HALO,ERCC6L2,FALSE,1.2543257131439354,Cas9_HeLa_Cyt_r2.raw
65282,713.3478,713.3503541521238,Intralink,YDEHHQDLTLLKALVR,391.01373140727594,4.349074684106433,YKEIFFDQSK,261.736243407276,3.798264257984106,5,12,2,340,352,YDEHHQDLTLLKALVR,YKEIFFDQSK,CAS9HALO,CAS9HALO,CAS9HALO,CAS9HALO,FALSE,1.242604951458079,Cas9_HeLa_Cyt_r2.raw
19002,540.7717,540.7721885726551,Intralink,SEQEIGKATAK,291.158200141595,1.9520713745025287,AGFIKR,173.61169514159502,2.420030983222355,4,7,5,1035,922,SEQEIGKATAK,AGFIKR,CAS9HALO,CAS9HALO,CAS9HALO,CAS9HALO,FALSE,1.2096970308768433,Cas9_HeLa_Cyt_r2.raw
27794,602.0536,601.8043310726549,Intralink,LKTYAHLFDDK,338.43175764159497,2.1245342842070714,VMKQLK,187.370280141595,2.374606798774818,4,2,3,641,653,LKTYAHLFDDK,VMKQLK,CAS9HALO,CAS9HALO,CAS9HALO,CAS9HALO,FALSE,1.2085548920467022,Cas9_HeLa_Cyt_r2.raw
49237,836.9082,836.910748572655,Heteromeric-inter,HYLDEIIEQISEFSKR,502.5099951415951,3.8435996740817626,LAKYFFNK,258.398460141595,4.314279365105846,4,15,3,1282,279,HYLDEIIEQISEFSKR,LAKYFFNK,CAS9HALO,Q15269,CAS9HALO,PWP2,FALSE,1.1936117442409822,Cas9_HeLa_Cyt_r2.raw
17462,650.9141,650.915044152124,Intralink,LKGSPEDNEQKQLFVEQHK,451.63506140727605,3.25897222142102,GQKNSR,138.67960340727598,4.449520981709297,5,11,3,1259,779,LKGSPEDNEQKQLFVEQHK,GQKNSR,CAS9HALO,CAS9HALO,CAS9HALO,CAS9HALO,FALSE,1.151600495543087,Cas9_HeLa_Cyt_r2.raw
32018,659.114,659.116273572655,Heteromeric-inter,KVLSMPQVNIVKK,371.731170141595,3.921015281973436,ESLIKPR,211.38281014159503,3.563729537113161,4,12,5,1100,1305,KVLSMPQVNIVKK,ESLIKPR,CAS9HALO,Q5T890,CAS9HALO,ERCC6L2,FALSE,1.1389463888503328,Cas9_HeLa_Cyt_r2.raw
15999,574.7897,574.7909135726551,Intralink,RNSDKLIAR,268.91099514159504,1.9531650787013148,KKDWDPK,229.877625141595,2.5575388077913317,4,5,1,1122,1127,RNSDKLIAR,KKDWDPK,CAS9HALO,CAS9HALO,CAS9HALO,CAS9HALO,FALSE,1.1317607204485096,Cas9_HeLa_Cyt_r2.raw
22300,528.0774,528.0783741521238,Intralink,GKSDNVPSEEVVKK,303.966077407276,2.302832909484655,KLINGIR,163.51191740727597,3.4825473655029393,5,2,1,870,669,GKSDNVPSEEVVKK,KLINGIR,CAS9HALO,CAS9HALO,CAS9HALO,CAS9HALO,FALSE,1.1289163475463835,Cas9_HeLa_Cyt_r2.raw
43186,949.4514,949.4543460726551,Intralink,KSEETITPWNFEEVVDK,513.5046426415951,2.845158720657441,HKPENIVIEMAR,359.947410141595,2.4143226051470634,4,1,2,472,759,KSEETITPWNFEEVVDK,HKPENIVIEMAR,CAS9HALO,CAS9HALO,CAS9HALO,CAS9HALO,FALSE,1.1207781456652366,Cas9_HeLa_Cyt_r2.raw
35610,754.8712,754.872363572655,Heteromeric-inter,SNFDLAEDAKLQLSK,420.4716101415949,2.8643906295452695,LAKYFFNK,258.398460141595,3.485129298156322,4,10,3,267,279,SNFDLAEDAKLQLSK,LAKYFFNK,CAS9HALO,Q15269,CAS9HALO,PWP2,FALSE,1.0790558427665422,Cas9_HeLa_Cyt_r2.raw
36853,649.3044,649.3053210726549,Intralink,SSFEKNPIDFLEAK,406.96087764159495,2.5327387500927965,DKQSGK,166.342150141595,2.9961384649467493,4,5,2,1180,677,SSFEKNPIDFLEAK,DKQSGK,CAS9HALO,CAS9HALO,CAS9HALO,CAS9HALO,FALSE,1.053050993521571,Cas9_HeLa_Cyt_r2.raw
40989,578.3083,578.1092521521239,Intralink,FNASLGTYHDLLKIIK,367.4111934072759,3.4327540182420138,VMKQLK,150.097679407276,3.355807087609966,5,13,3,603,653,FNASLGTYHDLLKIIK,VMKQLK,CAS9HALO,CAS9HALO,CAS9HALO,CAS9HALO,FALSE,1.0281231744383175,Cas9_HeLa_Cyt_r2.raw
25094,596.3135,596.3154910726549,Heteromeric-inter,KPAFLSGEQKK,308.93038764159496,3.0325300653416574,ESLIKPR,211.38281014159503,2.1872764997223673,4,1,5,540,1305,KPAFLSGEQKK,ESLIKPR,CAS9HALO,Q5T890,CAS9HALO,ERCC6L2,FALSE,1.0269438160055209,Cas9_HeLa_Cyt_r2.raw
34476,586.0474,586.047956072655,Intralink,YKEIFFDQSK,326.91848514159494,0.8977228603100231,KDLIIK,183.127177641595,1.261381761166728,4,2,1,352,1196; 796,YKEIFFDQSK,KDLIIK,CAS9HALO,CAS9HALO; Q8NDZ2,CAS9HALO,CAS9HALO; SIMC1,FALSE,1.007404753387433,Cas9_HeLa_Cyt_r2.raw
20939,521.7695,521.771033572655,Heteromeric-inter,LAKYFFNK,258.398460141595,2.5366401636948237,VMKQLK,187.370280141595,2.8652067025045795,4,3,3,279,653,LAKYFFNK,VMKQLK,Q15269,CAS9HALO,PWP2,CAS9HALO,FALSE,1.004348504890977,Cas9_HeLa_Cyt_r2.raw
12135,796.0507,795.71747927354,Intralink,ENQTTQKGQK,387.8667980321266,2.7027241583852355,NSDKLIAR,306.17853136546006,4.044846581311003,3,7,4,776,1122,ENQTTQKGQK,NSDKLIAR,CAS9HALO,CAS9HALO,CAS9HALO,CAS9HALO,FALSE,0.9816152517938845,Cas9_HeLa_Cyt_r2.raw
6334,629.0547,629.055576072655,Intralink,ENQTTQKGQK,291.151917641595,1.020497864986897,KKDWDPKK,261.90136514159497,1.0066297895250385,4,7,1,776,1127,ENQTTQKGQK,KKDWDPKK,CAS9HALO,CAS9HALO,CAS9HALO,CAS9HALO,FALSE,0.941624858579423,Cas9_HeLa_Cyt_r2.raw
27998,632.7955,632.7984035726549,Intralink,YKEIFFDQSK,326.91848514159494,4.453227547463897,KKDWDPK,229.877625141595,4.8218446213799435,4,2,2,352,1128,YKEIFFDQSK,KKDWDPK,CAS9HALO,CAS9HALO,CAS9HALO,CAS9HALO,FALSE,0.9178223559848984,Cas9_HeLa_Cyt_r2.raw
50189,856.6136,856.4189221521243,Intralink,NGYAGYIDGGASQEEFYKFIKPILEK,588.2991894072761,1.5642592113604046,QQLPEKYK,207.51935340727604,2.3370487037261873,5,18,6,378,350,NGYAGYIDGGASQEEFYKFIKPILEK,QQLPEKYK,CAS9HALO,CAS9HALO,CAS9HALO,CAS9HALO,FALSE,0.9151080244979324,Cas9_HeLa_Cyt_r2.raw
38422,1075.9874,1075.9904510726547,Heteromeric-inter,EIFFDQSKNGYAGYIDGGASQEEFYK,741.5896976415949,3.3319825130433802,LAKYFFNK,258.398460141595,3.485129298156322,4,8,3,360,279,EIFFDQSKNGYAGYIDGGASQEEFYK,LAKYFFNK,CAS9HALO,Q15269,CAS9HALO,PWP2,FALSE,0.9048460226159076,Cas9_HeLa_Cyt_r2.raw
53186,933.4929,933.492006072655,Heteromeric-inter,LNEQLKTSFFLVREDTK,517.7822826415951,3.0981563958901335,KVLSMPQVNIVK,339.707430141595,4.569471349607579,4,6,1,312,1089,LNEQLKTSFFLVREDTK,KVLSMPQVNIVK,Q8TDD1,CAS9HALO,DDX54,CAS9HALO,FALSE,0.8991754364941997,Cas9_HeLa_Cyt_r2.raw
25033,698.5786,698.579991072655,Intralink,MTNFDKNLPNEK,363.430325141595,3.5819084187214956,QQLPEKYK,259.14737264159504,2.8094742461503395,4,6,6,504,350,MTNFDKNLPNEK,QQLPEKYK,CAS9HALO,CAS9HALO,CAS9HALO,CAS9HALO,FALSE,0.8988398013589121,Cas9_HeLa_Cyt_r2.raw
21581,555.7827,555.784093572655,Intralink,KFDNLTKAER,306.170105141595,2.9655629088163846,AGFIKR,173.61169514159502,4.362082021602759,4,7,5,906,922,KFDNLTKAER,AGFIKR,CAS9HALO,CAS9HALO,CAS9HALO,CAS9HALO,FALSE,0.8946058433922948,Cas9_HeLa_Cyt_r2.raw
11197,565.0072,565.008096072655,Intralink,ENQTTQKGQK,291.151917641595,1.651035708803693,KDWDPK,197.853885141595,2.7544017100354434,4,7,1,776,1128,ENQTTQKGQK,KDWDPK,CAS9HALO,CAS9HALO,CAS9HALO,CAS9HALO,FALSE,0.8921598168375053,Cas9_HeLa_Cyt_r2.raw
41892,832.4369,832.4377010726552,Intralink,FIKPILEKMDGTEELLVK,526.5496901415951,1.8526713434070394,NSDKLIAR,229.88571764159502,3.1135200861333954,4,8,4,386,1122,FIKPILEKMDGTEELLVK,NSDKLIAR,CAS9HALO,CAS9HALO,CAS9HALO,CAS9HALO,FALSE,0.7786318630159177,Cas9_HeLa_Cyt_r2.raw
17122,460.0323,460.03418615212405,Intralink,RNSDKLIAR,215.33025140727605,1.156524021283517,KDWDPKK,184.103555407276,1.6251805708625293,5,5,1,1122,1128,RNSDKLIAR,KDWDPKK,CAS9HALO,CAS9HALO,CAS9HALO,CAS9HALO,FALSE,0.7754456266273941,Cas9_HeLa_Cyt_r2.raw
36222,592.3212,592.071598572655,Intralink,VVDELVKVMGR,311.931227641595,2.3675413499937257,KLINGIR,204.13807764159498,2.507216013752058,4,7,1,753,669,VVDELVKVMGR,KLINGIR,CAS9HALO,CAS9HALO,CAS9HALO,CAS9HALO,FALSE,0.7715958648393081,Cas9_HeLa_Cyt_r2.raw
23053,523.7595,523.760353572655,Intralink,FDNLTKAER,274.146365141595,1.6483229861205646,AGFIKR,173.61169514159502,2.3317561152495796,4,6,5,906,922,FDNLTKAER,AGFIKR,CAS9HALO,CAS9HALO,CAS9HALO,CAS9HALO,FALSE,0.7370668651478718,Cas9_HeLa_Cyt_r2.raw
36067,745.8574,745.857983572655,Intralink,LESEFVYGDYKVYDVR,496.243995141595,3.566511392314981,AGFIKR,173.61169514159502,2.6848556806499175,4,11,5,1018,922,LESEFVYGDYKVYDVR,AGFIKR,CAS9HALO,CAS9HALO,CAS9HALO,CAS9HALO,FALSE,0.7325543252031536,Cas9_HeLa_Cyt_r2.raw
41563,687.0998,687.101248572655,Intralink,SSFEKNPIDFLEAK,406.96087764159495,4.861737503285348,KLINGIR,204.13807764159498,4.08275221991333,4,5,1,1180,669,SSFEKNPIDFLEAK,KLINGIR,CAS9HALO,CAS9HALO,CAS9HALO,CAS9HALO,FALSE,0.6896146910249754,Cas9_HeLa_Cyt_r2.raw
29456,590.2893,590.291058572655,Intralink,YKEIFFDQSK,326.91848514159494,2.769037965066121,VMKQLK,187.370280141595,2.374606798774818,4,2,3,352,653,YKEIFFDQSK,VMKQLK,CAS9HALO,CAS9HALO,CAS9HALO,CAS9HALO,FALSE,0.4533716468813502,Cas9_HeLa_Cyt_r2.raw
18832,463.0353,463.03636815212406,Intralink,VLSAYNKHR,218.325959407276,1.6128059780443376,NSDKLIAR,184.11002940727602,4.377821317236994,5,7,4,1300,1122,VLSAYNKHR,NSDKLIAR,CAS9HALO,CAS9HALO,CAS9HALO,CAS9HALO,FALSE,0.4375797899228804,Cas9_HeLa_Cyt_r2.raw
27528,521.8734,521.8744301521239,Intralink,RLENLIAQLPGEKK,322.59444740727594,3.1585056836457888,GQKNSR,138.67960340727598,3.0329067548893334,5,13,3,237,779,RLENLIAQLPGEKK,GQKNSR,CAS9HALO,CAS9HALO,CAS9HALO,CAS9HALO,FALSE,0.4230110931096421,Cas9_HeLa_Cyt_r2.raw
21643,595.2806,595.281223572655,Intralink,MNTKYDENDK,315.14085264159496,3.022091836304353,KLINGIR,204.13807764159498,3.407521809361005,4,4,1,946,669,MNTKYDENDK,KLINGIR,CAS9HALO,CAS9HALO,CAS9HALO,CAS9HALO,FALSE,0.3806060398097904,Cas9_HeLa_Cyt_r2.raw
28896,518.5168,518.517566072655,Intralink,KDFQFYK,244.62881514159497,4.841327475128871,VITLKSK,197.886457641595,4.5088203148135895,4,1,5,972,963,KDFQFYK,VITLKSK,CAS9HALO,CAS9HALO,CAS9HALO,CAS9HALO,FALSE,0.37950535748842495,Cas9_HeLa_Cyt_r2.raw
25249,512.864,512.865142152124,Intralink,LKTYAHLFDDK,270.946861407276,4.383930096241202,VMKQLKR,181.317901407276,3.9646743446661445,5,2,3,641,653,LKTYAHLFDDK,VMKQLKR,CAS9HALO,CAS9HALO,CAS9HALO,CAS9HALO,FALSE,0.3432350689178077,Cas9_HeLa_Cyt_r2.raw
40562,577.6846,577.6858681521239,Intralink,YVNFLYLASHYEKLK,378.40588540727595,4.663709038543657,GQKNSR,138.67960340727598,4.095367048731355,5,13,3,1248,779,YVNFLYLASHYEKLK,GQKNSR,CAS9HALO,CAS9HALO,CAS9HALO,CAS9HALO,FALSE,0.3009412276318558,Cas9_HeLa_Cyt_r2.raw
16574,446.4805,446.48252107265495,Intralink,KLINGIR,204.13807764159498,4.006598188149494,DKQSGK,166.342150141595,3.733342233649692,4,1,2,669,677,KLINGIR,DKQSGK,CAS9HALO,CAS9HALO,CAS9HALO,CAS9HALO,FALSE,0.2568266228505777,Cas9_HeLa_Cyt_r2.raw
30715,736.862,736.8632660726549,Intralink,KTEVQTGGFSKESILPK,463.0070876415949,3.229766467962591,DWDPKK,197.85388514159501,3.0640719194583976,4,11,5,1111,1133,KTEVQTGGFSKESILPK,DWDPKK,CAS9HALO,CAS9HALO,CAS9HALO,CAS9HALO,FALSE,0.25459788428990654,Cas9_HeLa_Cyt_r2.raw
12314,551.274,551.2748310726549,Intralink,KPAFLSGEQKK,308.93038764159496,1.6454036523449889,DKQSGK,166.342150141595,2.25893578317774,4,10,2,549,677,KPAFLSGEQKK,DKQSGK,CAS9HALO,CAS9HALO,CAS9HALO,CAS9HALO,FALSE,0.2300770096819181,Cas9_HeLa_Cyt_r2.raw
21470,503.7402,503.7418960726549,Intralink,NSDKLIAR,229.88571764159502,4.444416291031408,KDWDPK,197.853885141595,4.3801724484172535,4,4,1,1122,1128,NSDKLIAR,KDWDPK,CAS9HALO,CAS9HALO,CAS9HALO,CAS9HALO,FALSE,0.18285319927339194,Cas9_HeLa_Cyt_r2.raw
28928,518.7676,518.517566072655,Intralink,KDFQFYK,244.62881514159497,2.9651989975888267,VITLKSK,197.886457641595,1.1792518841271278,4,1,5,972,963,KDFQFYK,VITLKSK,CAS9HALO,CAS9HALO,CAS9HALO,CAS9HALO,FALSE,0.18155527171589675,Cas9_HeLa_Cyt_r2.raw
24652,510.0292,510.029566072655,Intralink,KDLIIKLPK,267.685122641595,1.6888805401778313,DKQSGK,166.342150141595,3.5490411895737686,4,6,2,1201,677,KDLIIKLPK,DKQSGK,CAS9HALO,CAS9HALO,CAS9HALO,CAS9HALO,FALSE,0.1670762353011285,Cas9_HeLa_Cyt_r2.raw
28599,463.2658,463.2675485726549,Intralink,KLINGIR,204.13807764159498,2.5811130524588135,KDLIIK,183.127177641595,3.3531067624283355,4,1,1,669,1196; 796,KLINGIR,KDLIIK,CAS9HALO,CAS9HALO; Q8NDZ2,CAS9HALO,CAS9HALO; SIMC1,FALSE,0.1587426147059421,Cas9_HeLa_Cyt_r2.raw
13417,519.7595,519.7606235726549,Intralink,SKLVSDFRK,270.66064514159496,2.1136338100724634,GQKNSR,173.09768514159498,3.298521616696547,4,2,3,965,779,SKLVSDFRK,GQKNSR,CAS9HALO,CAS9HALO,CAS9HALO,CAS9HALO,FALSE,0.15855088799990297,Cas9_HeLa_Cyt_r2.raw
15858,526.0048,526.006626072655,Intralink,KPAFLSGEQK,276.906647641595,3.8351005098073436,GQKNSR,173.09768514159498,4.803675165536316,4,1,3,540,779,KPAFLSGEQK,GQKNSR,CAS9HALO,CAS9HALO,CAS9HALO,CAS9HALO,FALSE,0.15623967032930822,Cas9_HeLa_Cyt_r2.raw
11647,540.7657,540.7659060726551,Intralink,ENQTTQKGQK,291.151917641595,2.176484519394847,AGFIKR,173.61169514159502,3.47933061451668,4,7,5,776,922,ENQTTQKGQK,AGFIKR,CAS9HALO,CAS9HALO,CAS9HALO,CAS9HALO,FALSE,0.15459238533411782,Cas9_HeLa_Cyt_r2.raw
11218,446.9854,446.98643607265495,Intralink,VITLKSK,197.886457641595,2.1081066579336563,GQKNSR,173.09768514159498,3.9182901763107054,4,5,3,963,779,VITLKSK,GQKNSR,CAS9HALO,CAS9HALO,CAS9HALO,CAS9HALO,FALSE,0.15348961769484565,Cas9_HeLa_Cyt_r2.raw
24096,539.2864,539.287743572655,Intralink,QQLPEKYK,259.14737264159504,1.9818416809254427,KLINGIR,204.13807764159498,4.6829577948133805,4,6,1,350,669,QQLPEKYK,KLINGIR,CAS9HALO,CAS9HALO,CAS9HALO,CAS9HALO,FALSE,0.14706191093995308,Cas9_HeLa_Cyt_r2.raw
13606,485.6522,485.6531781521239,Intralink,RNSDKLIAR,215.33025140727605,0.9289125237241591,KKDWDPKK,209.72254740727598,0.18860700673002018,5,5,1,1122,1127,RNSDKLIAR,KKDWDPKK,CAS9HALO,CAS9HALO,CAS9HALO,CAS9HALO,FALSE,0.14519749490269013,Cas9_HeLa_Cyt_r2.raw
20973,542.7659,542.7671735726551,Intralink,RNSDKLIAR,268.91099514159504,3.8878700739014165,DWDPKK,197.85388514159501,4.844679344757073,4,5,5,1122,1133,RNSDKLIAR,DWDPKK,CAS9HALO,CAS9HALO,CAS9HALO,CAS9HALO,FALSE,0.14278245955868182,Cas9_HeLa_Cyt_r2.raw
16493,425.4714,425.47162107265495,Intralink,KDLIIK,183.127177641595,0.24591319663592573,DKQSGK,166.342150141595,1.7060344851499316,4,1,2,1196; 796,677,KDLIIK,DKQSGK,CAS9HALO; Q8NDZ2,CAS9HALO,CAS9HALO; SIMC1,CAS9HALO,FALSE,0.142362372341242,Cas9_HeLa_Cyt_r2.raw
19723,493.7278,493.72879357265487,Intralink,KDFQFYK,244.62881514159497,1.8380196363945338,GQKNSR,173.09768514159498,2.7672920341841256,4,1,3,972,779,KDFQFYK,GQKNSR,CAS9HALO,CAS9HALO,CAS9HALO,CAS9HALO,FALSE,0.14168534053940748,Cas9_HeLa_Cyt_r2.raw
27245,632.7975,632.7984035726549,Intralink,YKEIFFDQSK,326.91848514159494,0.4298951784362756,KKDWDPK,229.877625141595,0.16004971118053904,4,2,1,352,1127,YKEIFFDQSK,KKDWDPK,CAS9HALO,CAS9HALO,CAS9HALO,CAS9HALO,FALSE,0.14079248571238184,Cas9_HeLa_Cyt_r2.raw
21480,565.0333,565.0353835726551,Intralink,QQLPEKYK,259.14737264159504,3.3991186404590383,NSDKLIAR,229.88571764159502,4.312227940455024,4,6,4,350,1122,QQLPEKYK,NSDKLIAR,CAS9HALO,CAS9HALO,CAS9HALO,CAS9HALO,FALSE,0.13401678831783606,Cas9_HeLa_Cyt_r2.raw
26221,477.9923,477.994256072655,Intralink,KLINGIR,204.13807764159498,4.006598188149494,DWDPKK,197.85388514159501,4.380172448561455,4,1,5,669,1133,KLINGIR,DWDPKK,CAS9HALO,CAS9HALO,CAS9HALO,CAS9HALO,FALSE,0.13374982025402138,Cas9_HeLa_Cyt_r2.raw
20217,520.7717,520.7729310726551,Intralink,KVTVKQLK,236.662922641595,0.7991241305904644,EDYFKK,208.107715141595,3.3542963436730884,4,5,5,566,574,KVTVKQLK,EDYFKK,CAS9HALO,CAS9HALO,CAS9HALO,CAS9HALO,FALSE,0.13315097979411705,Cas9_HeLa_Cyt_r2.raw
4156,447.0013,447.0018160726549,Intralink,VEKGKSK,194.62226014159498,1.8722671101642443,KLKSVK,176.377262641595,1.53320435777781,4,5,3,1157,1162; 8,VEKGKSK,KLKSVK,CAS9HALO,CAS9HALO; Reverse_Q9H0E3,CAS9HALO,CAS9HALO; Reverse_SAP130,FALSE,0.13159573167127525,Cas9_HeLa_Cyt_r2.raw
34379,613.5618,613.563608572655,Intralink,VLSMPQVNIVKK,339.70743014159495,4.748866176930776,DWDPKK,197.85388514159501,4.612425842717848,4,11,5,1100,1133,VLSMPQVNIVKK,DWDPKK,CAS9HALO,CAS9HALO,CAS9HALO,CAS9HALO,FALSE,0.12973300370998508,Cas9_HeLa_Cyt_r2.raw
29044,548.5325,548.5337460726549,Intralink,QLKEDYFK,268.39337514159496,3.396847496154802,KLINGIR,204.13807764159498,4.382854917302067,4,3,1,569,669,QLKEDYFK,KLINGIR,CAS9HALO,CAS9HALO,CAS9HALO,CAS9HALO,FALSE,0.12584947791800485,Cas9_HeLa_Cyt_r2.raw
23750,576.2985,576.2998435726549,Intralink,KTEVQTGGFSK,296.15947264159496,1.371207354083845,KLINGIR,204.13807764159498,3.7826497026470087,4,1,1,1101,669,KTEVQTGGFSK,KLINGIR,CAS9HALO,CAS9HALO,CAS9HALO,CAS9HALO,FALSE,0.12539854912133983,Cas9_HeLa_Cyt_r2.raw
5588,561.0057,561.008361072655,Intralink,LKGSPEDNEQK,311.908382641595,3.8796168433860823,GQKNSR,173.09768514159498,4.006828604682006,4,2,3,1250,779,LKGSPEDNEQK,GQKNSR,CAS9HALO,CAS9HALO,CAS9HALO,CAS9HALO,FALSE,0.12405948018032084,Cas9_HeLa_Cyt_r2.raw
16015,575.0402,574.7909135726551,Intralink,RNSDKLIAR,268.91099514159504,2.522195182534356,KKDWDPK,229.877625141595,2.6241358912421533,4,5,1,1122,1127,RNSDKLIAR,KKDWDPK,CAS9HALO,CAS9HALO,CAS9HALO,CAS9HALO,FALSE,0.12330375170941743,Cas9_HeLa_Cyt_r2.raw
25062,781.3784,781.380632152124,Intralink,ELGSQILKEHPVENTQLQNEK,487.65726340727605,3.6895070112704276,ENQTTQKGQK,233.122989407276,3.0179940416062556,5,8,7,801,776,ELGSQILKEHPVENTQLQNEK,ENQTTQKGQK,CAS9HALO,CAS9HALO,CAS9HALO,CAS9HALO,FALSE,0.12106581278063452,Cas9_HeLa_Cyt_r2.raw
27839,673.3266,673.3277910726549,Intralink,TEVQTGGFSKESILPK,430.98334764159495,4.895074665386124,DKQSGK,166.342150141595,3.1804393052223348,4,10,2,1111,677,TEVQTGGFSKESILPK,DKQSGK,CAS9HALO,CAS9HALO,CAS9HALO,CAS9HALO,FALSE,0.12044928317119613,Cas9_HeLa_Cyt_r2.raw
38077,807.1507,806.9026535726549,Intralink,KYGGFDSPTVAYSVLVVAK,501.022735141595,1.4547273263054055,KKDWDPK,229.877625141595,3.756287667066682,4,1,1,1134,1127,KYGGFDSPTVAYSVLVVAK,KKDWDPK,CAS9HALO,CAS9HALO,CAS9HALO,CAS9HALO,FALSE,0.11610000829542322,Cas9_HeLa_Cyt_r2.raw
7610,521.7546,521.755608572655,Intralink,VLSAYNKHR,272.655630141595,2.7351925695082455,GQKNSR,173.09768514159498,2.411807678986361,4,7,3,1300,779,VLSAYNKHR,GQKNSR,CAS9HALO,CAS9HALO,CAS9HALO,CAS9HALO,FALSE,0.1054617344249389,Cas9_HeLa_Cyt_r2.raw
5308,504.245,504.2458085726549,Intralink,KKDWDPKK,261.90136514159497,0.5383092454504962,DKQSGK,166.342150141595,1.982485057739026,4,1,2,1127,677,KKDWDPKK,DKQSGK,CAS9HALO,CAS9HALO,CAS9HALO,CAS9HALO,FALSE,0.10152840621133447,Cas9_HeLa_Cyt_r2.raw
17677,753.0954,753.097231072655,Intralink,GSPEDNEQKQLFVEQHK,503.99725264159497,4.708752523065891,GQKNSR,173.09768514159498,4.715136596062446,4,9,3,1259,779,GSPEDNEQKQLFVEQHK,GQKNSR,CAS9HALO,CAS9HALO,CAS9HALO,CAS9HALO,FALSE,0.09942520567514954,Cas9_HeLa_Cyt_r2.raw
9473,639.8087,639.809841072655,Intralink,ENQTTQKGQK,291.151917641595,3.8135991875990176,VLSAYNKHR,272.655630141595,2.0617603122901933,4,7,7,776,1300,ENQTTQKGQK,VLSAYNKHR,CAS9HALO,CAS9HALO,CAS9HALO,CAS9HALO,FALSE,0.09627666837058359,Cas9_HeLa_Cyt_r2.raw
28097,502.2662,502.267878152124,Intralink,QITKHVAQILDSR,302.576687407276,2.6035214235035897,AGFIKR,139.09081140727602,3.744155873000664,5,4,5,933,922,QITKHVAQILDSR,AGFIKR,CAS9HALO,CAS9HALO,CAS9HALO,CAS9HALO,FALSE,0.0960465449148501,Cas9_HeLa_Cyt_r2.raw
10063,478.9839,478.985696072655,Intralink,NSDKLIAR,229.88571764159502,4.644201265633115,GQKNSR,173.09768514159498,4.803675165536316,4,4,3,1122,779,NSDKLIAR,GQKNSR,CAS9HALO,CAS9HALO,CAS9HALO,CAS9HALO,FALSE,0.0931975203569575,Cas9_HeLa_Cyt_r2.raw
23736,576.5491,576.2998435726549,Intralink,KTEVQTGGFSK,296.15947264159496,2.0943653889966765,KLINGIR,204.13807764159498,3.932700938764878,4,1,1,1101,669,KTEVQTGGFSK,KLINGIR,CAS9HALO,CAS9HALO,CAS9HALO,CAS9HALO,FALSE,0.09245703508246164,Cas9_HeLa_Cyt_r2.raw
39538,661.6679,661.6692662051034,Intralink,HPIFGNIVDEVAYHEKYPTIYHLR,486.08755058439675,2.840239005688239,VMKQLK,125.24927891773001,1.9657739133836627,6,16,3,135,653,HPIFGNIVDEVAYHEKYPTIYHLR,VMKQLK,CAS9HALO,CAS9HALO,CAS9HALO,CAS9HALO,FALSE,0.09209076686621076,Cas9_HeLa_Cyt_r2.raw
25751,574.3035,574.3041935726551,Intralink,QLLNAKLITQR,325.20421514159506,2.858977047773291,GQKNSR,173.09768514159498,3.298521616696547,4,6,3,894,779,QLLNAKLITQR,GQKNSR,CAS9HALO,CAS9HALO,CAS9HALO,CAS9HALO,FALSE,0.09067653771670804,Cas9_HeLa_Cyt_r2.raw
6691,472.2205,472.2220685726549,Intralink,KKDWDPK,229.877625141595,1.4909850610716062,DKQSGK,166.342150141595,1.6138843282534603,4,1,2,1127,677,KKDWDPK,DKQSGK,CAS9HALO,CAS9HALO,CAS9HALO,CAS9HALO,FALSE,0.08962495378526301,Cas9_HeLa_Cyt_r2.raw
28798,613.0638,613.0659410726549,Intralink,LENLIAQLPGEKK,363.96596264159496,3.4732449752151986,GQKNSR,173.09768514159498,3.564136619605881,4,12,3,237,779,LENLIAQLPGEKK,GQKNSR,CAS9HALO,CAS9HALO,CAS9HALO,CAS9HALO,FALSE,0.08340753545246686,Cas9_HeLa_Cyt_r2.raw
17560,505.4917,505.4933510726549,Intralink,FKVLGNTDR,263.148907641595,4.079875923836801,DKQSGK,166.342150141595,4.839149924710491,4,2,2,37,677,FKVLGNTDR,DKQSGK,CAS9HALO,CAS9HALO,CAS9HALO,CAS9HALO,FALSE,0.08002030519331878,Cas9_HeLa_Cyt_r2.raw
13501,520.0108,519.7606235726549,Intralink,SKLVSDFRK,270.66064514159496,1.6622112887874005,GQKNSR,173.09768514159498,1.5264269251806017,4,2,3,965,779,SKLVSDFRK,GQKNSR,CAS9HALO,CAS9HALO,CAS9HALO,CAS9HALO,FALSE,0.07791252864208671,Cas9_HeLa_Cyt_r2.raw
9038,511.2546,511.255438572655,Intralink,RNSDKLIAR,268.91099514159504,2.1807770425238475,DKQSGK,166.342150141595,3.8254927811627217,4,5,2,1122,677,RNSDKLIAR,DKQSGK,CAS9HALO,CAS9HALO,CAS9HALO,CAS9HALO,FALSE,0.07627817993578859,Cas9_HeLa_Cyt_r2.raw
19735,604.0599,604.0606610726551,Intralink,RNSDKLIAR,268.91099514159504,1.6117473272440488,QQLPEKYK,259.14737264159504,1.5103050785621261,4,5,6,1122,350,RNSDKLIAR,QQLPEKYK,CAS9HALO,CAS9HALO,CAS9HALO,CAS9HALO,FALSE,0.07592159046101563,Cas9_HeLa_Cyt_r2.raw
18767,758.0219,758.0227892735401,Intralink,DDSIDNKVLTR,425.8894846987933,2.895493472264683,GQKNSR,230.4611546987933,2.324601146568489,3,7,3,859,779,DDSIDNKVLTR,GQKNSR,CAS9HALO,CAS9HALO,CAS9HALO,CAS9HALO,FALSE,0.07536724338046977,Cas9_HeLa_Cyt_r2.raw
9021,597.2814,597.031836072655,Intralink,ENQTTQKGQK,291.151917641595,3.2273837971548764,KKDWDPK,229.877625141595,4.622052519474027,4,7,2,776,1128,ENQTTQKGQK,KKDWDPK,CAS9HALO,CAS9HALO,CAS9HALO,CAS9HALO,FALSE,0.0696406455829841,Cas9_HeLa_Cyt_r2.raw
18512,535.7653,535.765636072655,Intralink,NSDKLIARK,261.909457641595,1.4269351646319433,KDWDPK,197.853885141595,0.8079562630210146,4,4,1,1122,1128,NSDKLIARK,KDWDPK,CAS9HALO,CAS9HALO,CAS9HALO,CAS9HALO,FALSE,0.06265704667213404,Cas9_HeLa_Cyt_r2.raw
32554,753.7349,753.5691162051035,Intralink,EDIQKAQVSGQGDSLHEHIANLAGSPAIKK,524.4441722510634,4.423991846073787,KDLIIKLPK,178.7925072510633,1.9183974406515358,6,5,6,714,1201,EDIQKAQVSGQGDSLHEHIANLAGSPAIKK,KDLIIKLPK,CAS9HALO,CAS9HALO,CAS9HALO,CAS9HALO,FALSE,0.05254176860690033,Cas9_HeLa_Cyt_r2.raw
22667,851.0517,851.0550925234585,Intralink,SDNVPSEEVVKK,444.2331380321266,3.9345379641084968,MKNYWR,305.1498046153786,4.394134684060994,3,11,2,881,884,SDNVPSEEVVKK,M(+15.994900)KNYWR,CAS9HALO,CAS9HALO,CAS9HALO,CAS9HALO,FALSE,0.047050076099312894,Cas9_HeLa_Cyt_r2.raw
14902,485.652,485.6531781521239,Intralink,RNSDKLIAR,215.33025140727605,2.0669710476608065,KKDWDPKK,209.72254740727598,1.4740719805732987,5,5,1,1122,1127,RNSDKLIAR,KKDWDPKK,CAS9HALO,CAS9HALO,CAS9HALO,CAS9HALO,FALSE,0.0319007480646104,Cas9_HeLa_Cyt_r2.raw
26973,852.2208,852.2237201521241,Intralink,ELGSQILKEHPVENTQLQNEK,487.65726340727605,1.9845046987071782,GKSDNVPSEEVVKK,303.966077407276,2.0618418457241248,5,8,13,801,881,ELGSQILKEHPVENTQLQNEK,GKSDNVPSEEVVKK,CAS9HALO,CAS9HALO,CAS9HALO,CAS9HALO,FALSE,0.030532226511725904,Cas9_HeLa_Cyt_r2.raw
23203,447.4986,447.50044607265494,Intralink,VITLKSK,197.886457641595,4.120631254088403,AGFIKR,173.61169514159502,3.8324309903318494,4,5,5,963,922,VITLKSK,AGFIKR,CAS9HALO,CAS9HALO,CAS9HALO,CAS9HALO,FALSE,0.0212829947347597,Cas9_HeLa_Cyt_r2.raw
37024,913.8591,913.8593761521242,Intralink,EDIQKAQVSGQGDSLHEHIANLAGSPAIK,603.5125594072761,1.4787427491845917,VVDELVKVMGR,249.746437407276,1.386819339705339,5,5,7,714,753,EDIQKAQVSGQGDSLHEHIANLAGSPAIK,VVDELVKVMGR,CAS9HALO,CAS9HALO,CAS9HALO,CAS9HALO,FALSE,0.002737928284166705,Cas9_HeLa_Cyt_r2.raw
