Peptide_Order,Peptide,Peptide_Mass,Modifications,Proteins,
,Spectrum_Order,Title,Charge,Precursor_Mass,Evalue,Score,Precursor_Mass_Error(Da),Precursor_Mass_Error(ppm),Alpha_Evalue,Beta_Evalue
1,DKQSGKTILDFLKSDGFANR(6)(13),2548.205684,null,sp|CAS9HALO|CAS9_HALO(681)(688)/
,1,Cas9_HeLa_Cyt_r2.51988.51988.3.0.dta,3,2548.194505,1.000000e+000,0.941371,-0.011179,-4.387009,1.000000e+000,1.000000e+000
2,EKIEKILTFR(2)(5),1584.801104,null,sp|CAS9HALO|CAS9_HALO(443)(446)/
,1,Cas9_HeLa_Cyt_r2.42551.42551.3.0.dta,3,1584.796132,1.000000e+000,0.929548,-0.004972,-3.137302,1.000000e+000,1.000000e+000
,2,Cas9_HeLa_Cyt_r2.32460.32460.3.0.dta,3,1584.795796,1.000000e+000,0.742733,-0.005308,-3.349316,1.000000e+000,1.000000e+000
,3,Cas9_HeLa_Cyt_r2.32507.32507.3.0.dta,3,1584.796696,1.000000e+000,0.609178,-0.004408,-2.781422,1.000000e+000,1.000000e+000
3,ENQTTQKGQKNSR(7)(10),1826.800652,null,sp|CAS9HALO|CAS9_HALO(776)(779)/
,1,Cas9_HeLa_Cyt_r2.5198.5198.3.0.dta,3,1826.794570,1.000000e+000,0.957769,-0.006082,-3.329318,1.000000e+000,1.000000e+000
4,ESILPKRNSDKLIAR(6)(11),2048.051374,null,sp|CAS9HALO|CAS9_HALO(1117)(1122)/
,1,Cas9_HeLa_Cyt_r2.27742.27742.3.0.dta,3,2048.034985,1.000000e+000,0.813398,-0.016389,-8.002241,1.000000e+000,1.000000e+000
5,FIKPILEKMDGTEELLVK(3)(8),2411.215708,null,sp|CAS9HALO|CAS9_HALO(381)(386)/
,1,Cas9_HeLa_Cyt_r2.54593.54593.3.4.dta,3,2411.206944,1.000000e+000,0.964625,-0.008764,-3.634681,1.000000e+000,1.000000e+000
,2,Cas9_HeLa_Cyt_r2.45202.45202.3.0.dta,3,2411.214496,1.000000e+000,0.931527,-0.001212,-0.502651,1.000000e+000,1.000000e+000
,3,Cas9_HeLa_Cyt_r2.48411.48411.3.5.dta,3,2411.214038,1.000000e+000,0.867760,-0.001670,-0.692597,1.000000e+000,1.000000e+000
,4,Cas9_HeLa_Cyt_r2.46733.46733.3.5.dta,3,2411.216418,1.000000e+000,0.861509,0.000710,0.294457,1.000000e+000,1.000000e+000
,5,Cas9_HeLa_Cyt_r2.47879.47879.3.4.dta,3,2411.217333,1.000000e+000,0.842094,0.001625,0.673934,1.000000e+000,1.000000e+000
,6,Cas9_HeLa_Cyt_r2.47053.47053.3.5.dta,3,2411.216601,1.000000e+000,0.832807,0.000893,0.370353,1.000000e+000,1.000000e+000
,7,Cas9_HeLa_Cyt_r2.44036.44036.3.0.dta,3,2411.207605,1.000000e+000,0.775548,-0.008103,-3.360545,1.000000e+000,1.000000e+000
,8,Cas9_HeLa_Cyt_r2.65315.65315.3.5.dta,3,2411.206394,1.000000e+000,0.679289,-0.009314,-3.862782,1.000000e+000,1.000000e+000
,9,Cas9_HeLa_Cyt_r2.53183.53183.3.0.dta,3,2411.206831,1.000000e+000,0.678983,-0.008877,-3.681545,1.000000e+000,1.000000e+000
,10,Cas9_HeLa_Cyt_r2.61924.61924.3.1.dta,3,2411.207860,1.000000e+000,0.570980,-0.007848,-3.254790,1.000000e+000,1.000000e+000
6,FIKPILEKMDGTEELLVK(3)(8),2427.210622,Oxidation[M](9),sp|CAS9HALO|CAS9_HALO(381)(386)/
,1,Cas9_HeLa_Cyt_r2.37563.37563.3.0.dta,3,2427.202870,1.000000e+000,0.824053,-0.007752,-3.193790,1.000000e+000,1.000000e+000
,2,Cas9_HeLa_Cyt_r2.50579.50579.3.1.dta,3,2427.210315,1.000000e+000,0.805064,-0.000307,-0.126483,1.000000e+000,1.000000e+000
,3,Cas9_HeLa_Cyt_r2.45855.45855.3.4.dta,3,2427.212145,1.000000e+000,0.767943,0.001523,0.627469,1.000000e+000,1.000000e+000
,4,Cas9_HeLa_Cyt_r2.44894.44894.3.7.dta,3,2427.212328,1.000000e+000,0.696923,0.001706,0.702864,1.000000e+000,1.000000e+000
7,GILQTVKVVDELVKVMGR(7)(14),2308.195976,Oxidation[M](16),sp|CAS9HALO|CAS9_HALO(746)(753)/
,1,Cas9_HeLa_Cyt_r2.61227.61227.3.0.dta,3,2308.188841,1.000000e+000,0.986045,-0.007135,-3.091159,1.000000e+000,1.000000e+000
,2,Cas9_HeLa_Cyt_r2.60913.60913.3.0.dta,3,2308.191874,1.000000e+000,0.982600,-0.004102,-1.777145,1.000000e+000,1.000000e+000
,3,Cas9_HeLa_Cyt_r2.63312.63312.3.5.dta,3,2308.195605,1.000000e+000,0.568780,-0.000371,-0.160732,1.000000e+000,1.000000e+000
8,GKSDNVPSEEVVKK(2)(13),1823.840058,null,sp|CAS9HALO|CAS9_HALO(870)(881)/
,1,Cas9_HeLa_Cyt_r2.20065.20065.3.0.dta,3,1823.834533,1.000000e+000,0.908309,-0.005525,-3.029323,1.000000e+000,1.000000e+000
,2,Cas9_HeLa_Cyt_r2.14882.14882.3.0.dta,3,1823.837137,1.000000e+000,0.722752,-0.002921,-1.601566,1.000000e+000,1.000000e+000
9,GKSDNVPSEEVVKKMK(13)(14),2082.975492,null,sp|CAS9HALO|CAS9_HALO(881)(882)/
,1,Cas9_HeLa_Cyt_r2.26125.26125.3.0.dta,3,2082.971464,1.000000e+000,0.986584,-0.004028,-1.933772,1.000000e+000,1.000000e+000
,2,Cas9_HeLa_Cyt_r2.26441.26441.3.0.dta,3,2082.968953,1.000000e+000,0.973428,-0.006539,-3.139259,1.000000e+000,1.000000e+000
10,GKSDNVPSEEVVKKMK(13)(14),2098.970407,Oxidation[M](15),sp|CAS9HALO|CAS9_HALO(881)(882)/
,1,Cas9_HeLa_Cyt_r2.18755.18755.3.0.dta,3,2098.967191,1.000000e+000,0.960417,-0.003216,-1.532180,1.000000e+000,1.000000e+000
,2,Cas9_HeLa_Cyt_r2.18719.18719.3.1.dta,3,2098.966888,1.000000e+000,0.838320,-0.003519,-1.676536,1.000000e+000,1.000000e+000
11,GKSDNVPSEEVVKKMK(2)(14),2082.975492,null,sp|CAS9HALO|CAS9_HALO(870)(882)/
,1,Cas9_HeLa_Cyt_r2.25412.25412.3.0.dta,3,2082.967885,1.000000e+000,0.930844,-0.007607,-3.651987,1.000000e+000,1.000000e+000
,2,Cas9_HeLa_Cyt_r2.15031.15031.4.0.dta,4,2082.972419,1.000000e+000,0.699060,-0.003073,-1.475293,1.000000e+000,1.000000e+000
12,GNELALPSKYVNFLYLASHYEKLK(9)(22),3105.531017,null,sp|CAS9HALO|CAS9_HALO(1235)(1248)/
,1,Cas9_HeLa_Cyt_r2.59104.59104.3.0.dta,3,3105.518821,1.000000e+000,0.925973,-0.012196,-3.927187,1.000000e+000,1.000000e+000
13,GYKEVKKDLIIK(6)(7),1741.911375,null,sp|CAS9HALO|CAS9_HALO(1195)(1196)/
,1,Cas9_HeLa_Cyt_r2.30826.30826.3.0.dta,3,1741.901839,1.000000e+000,0.873029,-0.009536,-5.474446,1.000000e+000,1.000000e+000
14,IEEGIKELGSQILKEHPVENTQLQNEK(6)(14),3411.665653,null,sp|CAS9HALO|CAS9_HALO(793)(801)/
,1,Cas9_HeLa_Cyt_r2.44827.44827.3.0.dta,3,3411.655030,1.000000e+000,0.983266,-0.010623,-3.113728,1.000000e+000,1.000000e+000
,2,Cas9_HeLa_Cyt_r2.45170.45170.3.0.dta,3,3411.654586,1.000000e+000,0.901649,-0.011067,-3.243870,1.000000e+000,1.000000e+000
,3,Cas9_HeLa_Cyt_r2.44992.44992.3.0.dta,3,3411.649804,1.000000e+000,0.869687,-0.015849,-4.645531,1.000000e+000,1.000000e+000
15,KDLIIKLPK(1)(6),1375.757456,null,sp|CAS9HALO|CAS9_HALO(1196)(1201)/
,1,Cas9_HeLa_Cyt_r2.30740.30740.3.0.dta,3,1375.754158,1.000000e+000,0.593211,-0.003298,-2.397225,1.000000e+000,1.000000e+000
16,KFKVLGNTDR(1)(3),1485.707544,null,sp|CAS9HALO|CAS9_HALO(35)(37)/
,1,Cas9_HeLa_Cyt_r2.25379.25379.3.0.dta,3,1485.702718,1.000000e+000,0.915346,-0.004826,-3.248284,1.000000e+000,1.000000e+000
17,KGILQTVKVVDELVK(1)(8),1977.064567,null,sp|CAS9HALO|CAS9_HALO(739)(746)/
,1,Cas9_HeLa_Cyt_r2.56982.56982.3.1.dta,3,1977.059065,1.000000e+000,0.859629,-0.005502,-2.782914,1.000000e+000,1.000000e+000
18,KGILQTVKVVDELVKVMGR(8)(15),2420.296018,null,sp|CAS9HALO|CAS9_HALO(746)(753)/
,1,Cas9_HeLa_Cyt_r2.63712.63712.3.1.dta,3,2420.288044,1.000000e+000,0.974757,-0.007974,-3.294638,1.000000e+000,1.000000e+000
,2,Cas9_HeLa_Cyt_r2.64021.64021.3.0.dta,3,2420.286763,1.000000e+000,0.815190,-0.009255,-3.823912,1.000000e+000,1.000000e+000
,3,Cas9_HeLa_Cyt_r2.63966.63966.3.0.dta,3,2420.288560,1.000000e+000,0.807496,-0.007458,-3.081441,1.000000e+000,1.000000e+000
,4,Cas9_HeLa_Cyt_r2.63947.63947.3.1.dta,3,2420.287432,1.000000e+000,0.534668,-0.008586,-3.547500,1.000000e+000,1.000000e+000
19,KKDWDPK(1)(2),1224.527469,null,sp|CAS9HALO|CAS9_HALO(1127)(1128)/
,1,Cas9_HeLa_Cyt_r2.16819.16819.2.0.dta,2,1224.523692,1.000000e+000,0.496421,-0.003777,-3.084455,1.000000e+000,1.000000e+000
,2,Cas9_HeLa_Cyt_r2.16723.16723.2.0.dta,2,1224.525094,1.000000e+000,0.492960,-0.002375,-1.939524,1.000000e+000,1.000000e+000
20,KKDWDPKK(1)(2),1352.622425,null,sp|CAS9HALO|CAS9_HALO(1127)(1128)/
,1,Cas9_HeLa_Cyt_r2.13025.13025.3.0.dta,3,1352.617996,1.000000e+000,0.829340,-0.004429,-3.274380,1.000000e+000,1.000000e+000
,2,Cas9_HeLa_Cyt_r2.12708.12708.3.0.dta,3,1352.618134,1.000000e+000,0.769298,-0.004291,-3.172356,1.000000e+000,1.000000e+000
,3,Cas9_HeLa_Cyt_r2.12962.12962.2.0.dta,2,1352.618078,1.000000e+000,0.574756,-0.004347,-3.213757,1.000000e+000,1.000000e+000
,4,Cas9_HeLa_Cyt_r2.12928.12928.3.0.dta,3,1352.617366,1.000000e+000,0.524366,-0.005059,-3.740142,1.000000e+000,1.000000e+000
21,KKDWDPKK(2)(7),1352.622425,null,sp|CAS9HALO|CAS9_HALO(1128)(1133)/
,1,Cas9_HeLa_Cyt_r2.13901.13901.3.0.dta,3,1352.617558,1.000000e+000,0.602501,-0.004867,-3.598196,1.000000e+000,1.000000e+000
,2,Cas9_HeLa_Cyt_r2.13824.13824.3.0.dta,3,1352.618050,1.000000e+000,0.499169,-0.004375,-3.234458,1.000000e+000,1.000000e+000
22,KKLVDSTDKADLR(1)(2),1796.876777,null,sp|CAS9HALO|CAS9_HALO(144)(145)/
,1,Cas9_HeLa_Cyt_r2.20626.20626.3.3.dta,3,1796.873631,1.000000e+000,0.813968,-0.003146,-1.750816,1.000000e+000,1.000000e+000
23,KKLVDSTDKADLR(2)(9),1796.876777,null,sp|CAS9HALO|CAS9_HALO(145)(152)/
,1,Cas9_HeLa_Cyt_r2.21018.21018.3.0.dta,3,1796.870380,1.000000e+000,0.897956,-0.006397,-3.560066,1.000000e+000,1.000000e+000
24,KLINGIRDKQSGK(1)(9),1764.898181,null,sp|CAS9HALO|CAS9_HALO(669)(677)/
,1,Cas9_HeLa_Cyt_r2.19147.19147.3.0.dta,3,1764.896761,1.000000e+000,0.849620,-0.001420,-0.804579,1.000000e+000,1.000000e+000
25,KLKSVK(1)(3),1010.526017,null,sp|CAS9HALO|CAS9_HALO(1160)(1162)/
,1,Cas9_HeLa_Cyt_r2.9657.9657.2.0.dta,2,1010.523982,1.000000e+000,0.681386,-0.002035,-2.013803,1.000000e+000,1.000000e+000
26,KLVDSTDKADLR(1)(8),1668.781821,null,sp|CAS9HALO|CAS9_HALO(145)(152)/
,1,Cas9_HeLa_Cyt_r2.23935.23935.3.0.dta,3,1668.777142,1.000000e+000,0.915203,-0.004679,-2.803842,1.000000e+000,1.000000e+000
27,KMIAKSEQEIGK(1)(5),1669.784464,null,sp|CAS9HALO|CAS9_HALO(1024)(1028)/
,1,Cas9_HeLa_Cyt_r2.22126.22126.3.0.dta,3,1669.780129,1.000000e+000,0.953731,-0.004335,-2.596143,1.000000e+000,1.000000e+000
28,KMIAKSEQEIGK(1)(5),1685.779378,Oxidation[M](2),sp|CAS9HALO|CAS9_HALO(1024)(1028)/
,1,Cas9_HeLa_Cyt_r2.15689.15689.3.3.dta,3,1685.765839,1.000000e+000,0.613156,-0.013539,-8.031300,1.000000e+000,1.000000e+000
29,KMIAKSEQEIGKATAK(5)(12),2041.001313,null,sp|CAS9HALO|CAS9_HALO(1028)(1035)/
,1,Cas9_HeLa_Cyt_r2.22642.22642.3.0.dta,3,2040.994426,1.000000e+000,0.954015,-0.006887,-3.374324,1.000000e+000,1.000000e+000
30,KMIAKSEQEIGKATAK(5)(12),2056.996228,Oxidation[M](2),sp|CAS9HALO|CAS9_HALO(1028)(1035)/
,1,Cas9_HeLa_Cyt_r2.14575.14575.4.6.dta,4,2056.994908,1.000000e+000,0.811936,-0.001320,-0.641712,1.000000e+000,1.000000e+000
31,KNRICYLQEIFSNEMAKVDDSFFHR(1)(17),3471.547474,Carbamidomethyl[C](5);Oxidation[M](15),sp|CAS9HALO|CAS9_HALO(80)(96)/
,1,Cas9_HeLa_Cyt_r2.60973.60973.4.5.dta,4,3471.550699,1.000000e+000,0.702995,0.003225,0.928981,1.000000e+000,1.000000e+000
32,KPAFLSGEQKKAIVDLLFK(10)(11),2440.286503,null,sp|CAS9HALO|CAS9_HALO(549)(550)/
,1,Cas9_HeLa_Cyt_r2.55481.55481.3.0.dta,3,2440.276450,1.000000e+000,0.929550,-0.010053,-4.119598,1.000000e+000,1.000000e+000
,2,Cas9_HeLa_Cyt_r2.55142.55142.3.5.dta,3,2440.281895,1.000000e+000,0.815506,-0.004608,-1.888303,1.000000e+000,1.000000e+000
33,KRMLASAGELQKGNELALPSK(1)(12),2565.271983,Oxidation[M](3),sp|CAS9HALO|CAS9_HALO(1215)(1226)/
,1,Cas9_HeLa_Cyt_r2.28644.28644.4.6.dta,4,2565.276158,1.000000e+000,0.617131,0.004175,1.627508,1.000000e+000,1.000000e+000
34,KSEETITPWNFEEVVDKGASAQSFIER(1)(17),3405.549962,null,sp|CAS9HALO|CAS9_HALO(472)(488)/
,1,Cas9_HeLa_Cyt_r2.57931.57931.3.0.dta,3,3405.535711,1.000000e+000,0.980810,-0.014251,-4.184640,1.000000e+000,1.000000e+000
,2,Cas9_HeLa_Cyt_r2.58040.58040.3.0.dta,3,3405.537814,1.000000e+000,0.663182,-0.012148,-3.567118,1.000000e+000,1.000000e+000
35,KTEVQTGGFSKESILPK(1)(11),2157.045284,null,sp|CAS9HALO|CAS9_HALO(1101)(1111)/
,1,Cas9_HeLa_Cyt_r2.34598.34598.3.0.dta,3,2157.036802,1.000000e+000,0.878611,-0.008482,-3.932231,1.000000e+000,1.000000e+000
,2,Cas9_HeLa_Cyt_r2.31537.31537.3.3.dta,3,2157.046984,1.000000e+000,0.663419,0.001700,0.788115,1.000000e+000,1.000000e+000
,3,Cas9_HeLa_Cyt_r2.34875.34875.3.5.dta,3,2157.046801,1.000000e+000,0.580191,0.001517,0.703277,1.000000e+000,1.000000e+000
36,KTEVQTGGFSKESILPKR(11)(17),2313.146386,null,sp|CAS9HALO|CAS9_HALO(1111)(1117)/
,1,Cas9_HeLa_Cyt_r2.31656.31656.3.0.dta,3,2313.136627,1.000000e+000,0.971330,-0.009759,-4.218929,1.000000e+000,1.000000e+000
,2,Cas9_HeLa_Cyt_r2.31340.31340.3.0.dta,3,2313.142504,1.000000e+000,0.946363,-0.003882,-1.678234,1.000000e+000,1.000000e+000
37,KVTVKQLKEDYFK(5)(8),1933.964860,null,sp|CAS9HALO|CAS9_HALO(566)(569)/
,1,Cas9_HeLa_Cyt_r2.36076.36076.3.0.dta,3,1933.961311,1.000000e+000,0.934502,-0.003549,-1.835090,1.000000e+000,1.000000e+000
,2,Cas9_HeLa_Cyt_r2.36403.36403.3.5.dta,3,1933.959019,1.000000e+000,0.918638,-0.005841,-3.020220,1.000000e+000,1.000000e+000
,3,Cas9_HeLa_Cyt_r2.36119.36119.3.0.dta,3,1933.959499,1.000000e+000,0.850638,-0.005361,-2.772026,1.000000e+000,1.000000e+000
,4,Cas9_HeLa_Cyt_r2.36485.36485.3.0.dta,3,1933.956325,1.000000e+000,0.692590,-0.008535,-4.413214,1.000000e+000,1.000000e+000
,5,Cas9_HeLa_Cyt_r2.36257.36257.3.0.dta,3,1933.960963,1.000000e+000,0.608791,-0.003897,-2.015031,1.000000e+000,1.000000e+000
38,KYPKLESEFVYGDYKVYDVR(4)(15),2806.298910,null,sp|CAS9HALO|CAS9_HALO(1007)(1018)/
,1,Cas9_HeLa_Cyt_r2.40904.40904.3.0.dta,3,2806.295101,1.000000e+000,0.976753,-0.003809,-1.357304,1.000000e+000,1.000000e+000
,2,Cas9_HeLa_Cyt_r2.41246.41246.3.0.dta,3,2806.293358,1.000000e+000,0.916623,-0.005552,-1.978406,1.000000e+000,1.000000e+000
,3,Cas9_HeLa_Cyt_r2.41073.41073.3.0.dta,3,2806.292392,1.000000e+000,0.895414,-0.006518,-2.322632,1.000000e+000,1.000000e+000
39,LAKDLTTILTKLK(3)(11),1765.968886,null,sp|Q8NF91|SYNE1_HUMAN (5439)(5447)/
,1,Cas9_HeLa_Cyt_r2.46819.46819.3.0.dta,3,1765.971529,1.000000e+000,0.590344,0.002643,1.496629,1.000000e+000,1.000000e+000
40,LEESFLVEEDKKHER(11)(12),2195.983413,null,sp|CAS9HALO|CAS9_HALO(115)(116)/
,1,Cas9_HeLa_Cyt_r2.27552.27552.3.0.dta,3,2195.977858,1.000000e+000,0.952470,-0.005555,-2.529618,1.000000e+000,1.000000e+000
41,LKGSPEDNEQKQLFVEQHK(2)(11),2562.184949,null,sp|CAS9HALO|CAS9_HALO(1250)(1259)/
,1,Cas9_HeLa_Cyt_r2.25732.25732.3.0.dta,3,2562.180544,1.000000e+000,0.978729,-0.004405,-1.719236,1.000000e+000,1.000000e+000
,2,Cas9_HeLa_Cyt_r2.25711.25711.3.0.dta,3,2562.180154,1.000000e+000,0.932504,-0.004795,-1.871450,1.000000e+000,1.000000e+000
,3,Cas9_HeLa_Cyt_r2.21502.21502.4.2.dta,4,2562.175095,1.000000e+000,0.860412,-0.009854,-3.845936,1.000000e+000,1.000000e+000
,4,Cas9_HeLa_Cyt_r2.21660.21660.4.0.dta,4,2562.179051,1.000000e+000,0.755220,-0.005898,-2.301942,1.000000e+000,1.000000e+000
,5,Cas9_HeLa_Cyt_r2.21624.21624.3.1.dta,3,2562.178729,1.000000e+000,0.615401,-0.006220,-2.427616,1.000000e+000,1.000000e+000
,6,Cas9_HeLa_Cyt_r2.21654.21654.3.0.dta,3,2562.179062,1.000000e+000,0.545703,-0.005887,-2.297648,1.000000e+000,1.000000e+000
42,LKTYAHLFDDKVMKQLK(11)(14),2386.185413,null,sp|CAS9HALO|CAS9_HALO(650)(653)/
,1,Cas9_HeLa_Cyt_r2.38002.38002.4.0.dta,4,2386.179007,1.000000e+000,0.936485,-0.006406,-2.684620,1.000000e+000,1.000000e+000
,2,Cas9_HeLa_Cyt_r2.37955.37955.4.0.dta,4,2386.178347,1.000000e+000,0.904836,-0.007066,-2.961212,1.000000e+000,1.000000e+000
43,MIAKSEQEIGKATAK(4)(11),1912.906358,null,sp|CAS9HALO|CAS9_HALO(1028)(1035)/
,1,Cas9_HeLa_Cyt_r2.24176.24176.3.0.dta,3,1912.899784,1.000000e+000,0.956457,-0.006574,-3.436655,1.000000e+000,1.000000e+000
,2,Cas9_HeLa_Cyt_r2.24222.24222.2.0.dta,2,1912.899208,1.000000e+000,0.950041,-0.007150,-3.737768,1.000000e+000,1.000000e+000
,3,Cas9_HeLa_Cyt_r2.23862.23862.3.0.dta,3,1912.900906,1.000000e+000,0.929793,-0.005452,-2.850113,1.000000e+000,1.000000e+000
,4,Cas9_HeLa_Cyt_r2.23967.23967.3.0.dta,3,1912.899148,1.000000e+000,0.801776,-0.007210,-3.769134,1.000000e+000,1.000000e+000
,5,Cas9_HeLa_Cyt_r2.23858.23858.3.0.dta,3,1912.900801,1.000000e+000,0.770456,-0.005557,-2.905004,1.000000e+000,1.000000e+000
,6,Cas9_HeLa_Cyt_r2.24228.24228.3.0.dta,3,1912.899988,1.000000e+000,0.644542,-0.006370,-3.330011,1.000000e+000,1.000000e+000
44,MTNFDKNLPNEKVLPK(6)(12),2196.038424,null,sp|CAS9HALO|CAS9_HALO(504)(510)/
,1,Cas9_HeLa_Cyt_r2.34723.34723.3.0.dta,3,2196.029836,1.000000e+000,0.971146,-0.008588,-3.910678,1.000000e+000,1.000000e+000
45,NGYAGYIDGGASQEEFYKFIKPILEK(18)(21),3245.505588,null,sp|CAS9HALO|CAS9_HALO(378)(381)/
,1,Cas9_HeLa_Cyt_r2.62263.62263.3.0.dta,3,3245.493811,1.000000e+000,0.994599,-0.011777,-3.628710,1.000000e+000,1.000000e+000
,2,Cas9_HeLa_Cyt_r2.54127.54127.3.3.dta,3,3245.501329,1.000000e+000,0.892075,-0.004259,-1.312276,1.000000e+000,1.000000e+000
,3,Cas9_HeLa_Cyt_r2.53654.53654.3.1.dta,3,3245.496721,1.000000e+000,0.872968,-0.008867,-2.732086,1.000000e+000,1.000000e+000
,4,Cas9_HeLa_Cyt_r2.53273.53273.3.1.dta,3,3245.510563,1.000000e+000,0.810515,0.004975,1.532889,1.000000e+000,1.000000e+000
46,QEDFYPFLKDNREKIEK(9)(14),2507.146778,null,sp|CAS9HALO|CAS9_HALO(438)(443)/
,1,Cas9_HeLa_Cyt_r2.35863.35863.3.0.dta,3,2507.140573,1.000000e+000,0.825358,-0.006205,-2.474925,1.000000e+000,1.000000e+000
47,QQLPEKYKEIFFDQSK(6)(8),2336.082394,null,sp|CAS9HALO|CAS9_HALO(350)(352)/
,1,Cas9_HeLa_Cyt_r2.41742.41742.3.0.dta,3,2336.077669,1.000000e+000,0.971919,-0.004725,-2.022617,1.000000e+000,1.000000e+000
,2,Cas9_HeLa_Cyt_r2.42066.42066.3.0.dta,3,2336.075086,1.000000e+000,0.966289,-0.007308,-3.128314,1.000000e+000,1.000000e+000
48,RIEEGIKELGSQILKEHPVENTQLQNEK(7)(15),3567.766755,null,sp|CAS9HALO|CAS9_HALO(793)(801)/
,1,Cas9_HeLa_Cyt_r2.42952.42952.4.0.dta,4,3567.755567,1.000000e+000,0.972852,-0.011188,-3.135855,1.000000e+000,1.000000e+000
49,RVILADANLDKVLSAYNKHR(11)(18),2604.327129,null,sp|CAS9HALO|CAS9_HALO(1293)(1300)/
,1,Cas9_HeLa_Cyt_r2.42095.42095.4.0.dta,4,2604.321091,1.000000e+000,0.981796,-0.006038,-2.318449,1.000000e+000,1.000000e+000
,2,Cas9_HeLa_Cyt_r2.41947.41947.3.0.dta,3,2604.319105,1.000000e+000,0.955345,-0.008024,-3.081026,1.000000e+000,1.000000e+000
,3,Cas9_HeLa_Cyt_r2.42090.42090.3.0.dta,3,2604.320365,1.000000e+000,0.893292,-0.006764,-2.597216,1.000000e+000,1.000000e+000
50,SDKNRGKSDNVPSEEVVK(3)(7),2296.043045,null,sp|CAS9HALO|CAS9_HALO(866)(870)/
,1,Cas9_HeLa_Cyt_r2.17435.17435.3.0.dta,3,2296.037716,1.000000e+000,0.934236,-0.005329,-2.320950,1.000000e+000,1.000000e+000
51,SDNVPSEEVVKKMK(11)(12),1897.859076,null,sp|CAS9HALO|CAS9_HALO(881)(882)/
,1,Cas9_HeLa_Cyt_r2.29478.29478.3.0.dta,3,1897.853071,1.000000e+000,0.978056,-0.006005,-3.164092,1.000000e+000,1.000000e+000
,2,Cas9_HeLa_Cyt_r2.29815.29815.3.0.dta,3,1897.852339,1.000000e+000,0.943757,-0.006737,-3.549789,1.000000e+000,1.000000e+000
52,SDNVPSEEVVKKMKNYWR(11)(14),2517.145729,null,sp|CAS9HALO|CAS9_HALO(881)(884)/
,1,Cas9_HeLa_Cyt_r2.42586.42586.3.0.dta,3,2517.135082,1.000000e+000,0.946093,-0.010647,-4.229791,1.000000e+000,1.000000e+000
53,SSFEKNPIDFLEAKGYK(5)(14),2281.040198,null,sp|CAS9HALO|CAS9_HALO(1180)(1189)/
,1,Cas9_HeLa_Cyt_r2.49368.49368.3.0.dta,3,2281.034164,1.000000e+000,0.962206,-0.006034,-2.645284,1.000000e+000,1.000000e+000
,2,Cas9_HeLa_Cyt_r2.49458.49458.3.0.dta,3,2281.032595,1.000000e+000,0.876672,-0.007603,-3.333128,1.000000e+000,1.000000e+000
54,TEVQTGGFSKESILPKR(10)(16),2185.051431,null,sp|CAS9HALO|CAS9_HALO(1111)(1117)/
,1,Cas9_HeLa_Cyt_r2.35001.35001.3.0.dta,3,2185.044916,1.000000e+000,0.976977,-0.006515,-2.981623,1.000000e+000,1.000000e+000
,2,Cas9_HeLa_Cyt_r2.35290.35290.3.0.dta,3,2185.042792,1.000000e+000,0.682372,-0.008639,-3.953683,1.000000e+000,1.000000e+000
,3,Cas9_HeLa_Cyt_r2.34612.34612.3.4.dta,3,2185.044568,1.000000e+000,0.556218,-0.006863,-3.140887,1.000000e+000,1.000000e+000
55,TYAHLFDDKVMKQLK(9)(12),2145.006399,null,sp|CAS9HALO|CAS9_HALO(650)(653)/
,1,Cas9_HeLa_Cyt_r2.39315.39315.3.0.dta,3,2145.001066,1.000000e+000,0.973133,-0.005333,-2.486240,1.000000e+000,1.000000e+000
,2,Cas9_HeLa_Cyt_r2.39416.39416.3.0.dta,3,2145.002581,1.000000e+000,0.631360,-0.003818,-1.779948,1.000000e+000,1.000000e+000
56,TYAHLFDDKVMKQLK(9)(12),2161.001313,Oxidation[M](11),sp|CAS9HALO|CAS9_HALO(650)(653)/
,1,Cas9_HeLa_Cyt_r2.34222.34222.3.0.dta,3,2160.997123,1.000000e+000,0.941329,-0.004190,-1.938916,1.000000e+000,1.000000e+000
57,TYAHLFDDKVMKQLKR(9)(12),2301.107501,null,sp|CAS9HALO|CAS9_HALO(650)(653)/
,1,Cas9_HeLa_Cyt_r2.37037.37037.4.0.dta,4,2301.104351,1.000000e+000,0.910380,-0.003150,-1.368906,1.000000e+000,1.000000e+000
,2,Cas9_HeLa_Cyt_r2.37008.37008.4.6.dta,4,2301.104459,1.000000e+000,0.829510,-0.003042,-1.321972,1.000000e+000,1.000000e+000
,3,Cas9_HeLa_Cyt_r2.37033.37033.4.0.dta,4,2301.104351,1.000000e+000,0.540054,-0.003150,-1.368906,1.000000e+000,1.000000e+000
58,VEKGKSKK(3)(5),1211.600964,null,sp|CAS9HALO|CAS9_HALO(1155)(1157)/
,1,Cas9_HeLa_Cyt_r2.3146.3146.3.1.dta,3,1211.596240,1.000000e+000,0.613981,-0.004724,-3.898973,1.000000e+000,1.000000e+000
59,VILADANLDKVLSAYNKHR(10)(17),2448.226027,null,sp|CAS9HALO|CAS9_HALO(1293)(1300)/
,1,Cas9_HeLa_Cyt_r2.45542.45542.3.0.dta,3,2448.216637,1.000000e+000,0.987252,-0.009390,-3.835430,1.000000e+000,1.000000e+000
,2,Cas9_HeLa_Cyt_r2.39788.39788.4.5.dta,4,2448.224645,1.000000e+000,0.672756,-0.001382,-0.564490,1.000000e+000,1.000000e+000
60,VITLKSKLVSDFRK(5)(7),1942.038689,null,sp|CAS9HALO|CAS9_HALO(963)(965)/
,1,Cas9_HeLa_Cyt_r2.37515.37515.3.0.dta,3,1942.030564,1.000000e+000,0.655110,-0.008125,-4.183748,1.000000e+000,1.000000e+000
61,VLPKHSLLYEYFTVYNELTKVK(4)(20),2992.508496,null,sp|CAS9HALO|CAS9_HALO(514)(530)/
,1,Cas9_HeLa_Cyt_r2.61360.61360.3.0.dta,3,2992.500127,1.000000e+000,0.972758,-0.008369,-2.796650,1.000000e+000,1.000000e+000
,2,Cas9_HeLa_Cyt_r2.61045.61045.3.0.dta,3,2992.500484,1.000000e+000,0.939676,-0.008012,-2.677352,1.000000e+000,1.000000e+000
62,VMKQLKR(3)(6),1210.599190,null,sp|CAS9HALO|CAS9_HALO(653)(656)/
,1,Cas9_HeLa_Cyt_r2.16379.16379.3.1.dta,3,1210.596463,1.000000e+000,0.614794,-0.002727,-2.252604,1.000000e+000,1.000000e+000
63,VNTEITKAPLSASMIKR(7)(16),2167.080620,null,sp|CAS9HALO|CAS9_HALO(318)(327)/
,1,Cas9_HeLa_Cyt_r2.36255.36255.3.0.dta,3,2167.076284,1.000000e+000,0.978820,-0.004336,-2.000848,1.000000e+000,1.000000e+000
,2,Cas9_HeLa_Cyt_r2.31361.31361.3.2.dta,3,2167.081378,1.000000e+000,0.667560,0.000758,0.349779,1.000000e+000,1.000000e+000
64,VNTEITKAPLSASMIKR(7)(16),2183.075534,Oxidation[M](14),sp|CAS9HALO|CAS9_HALO(318)(327)/
,1,Cas9_HeLa_Cyt_r2.33251.33251.3.2.dta,3,2183.063035,1.000000e+000,0.707712,-0.012499,-5.725409,1.000000e+000,1.000000e+000
65,VPSKKFKVLGNTDR(4)(7),1896.955692,null,sp|CAS9HALO|CAS9_HALO(34)(37)/
,1,Cas9_HeLa_Cyt_r2.25085.25085.3.0.dta,3,1896.951271,1.000000e+000,0.811759,-0.004421,-2.330576,1.000000e+000,1.000000e+000
66,VTVKQLKEDYFK(4)(7),1805.869904,null,sp|CAS9HALO|CAS9_HALO(566)(569)/
,1,Cas9_HeLa_Cyt_r2.43091.43091.3.0.dta,3,1805.866117,1.000000e+000,0.929644,-0.003787,-2.097050,1.000000e+000,1.000000e+000
67,VTVKQLKEDYFKK(4)(7),1933.964860,null,sp|CAS9HALO|CAS9_HALO(566)(569)/
,1,Cas9_HeLa_Cyt_r2.38100.38100.3.1.dta,3,1933.957759,1.000000e+000,0.841402,-0.007101,-3.671732,1.000000e+000,1.000000e+000
68,YGGFDSPTVAYSVLVVAKVEKGK(18)(21),2722.335294,null,sp|CAS9HALO|CAS9_HALO(1152)(1155)/
,1,Cas9_HeLa_Cyt_r2.54596.54596.3.0.dta,3,2722.325986,1.000000e+000,0.800771,-0.009308,-3.419123,1.000000e+000,1.000000e+000
69,YKEIFFDQSKNGYAGYIDGGASQEEFYK(2)(10),3562.533978,null,sp|CAS9HALO|CAS9_HALO(352)(360)/
,1,Cas9_HeLa_Cyt_r2.45725.45725.3.0.dta,3,3562.523137,1.000000e+000,0.990175,-0.010841,-3.043059,1.000000e+000,1.000000e+000
,2,Cas9_HeLa_Cyt_r2.45775.45775.3.0.dta,3,3562.520287,1.000000e+000,0.950431,-0.013691,-3.843051,1.000000e+000,1.000000e+000
,3,Cas9_HeLa_Cyt_r2.39904.39904.3.0.dta,3,3562.517944,1.000000e+000,0.885243,-0.016034,-4.500729,1.000000e+000,1.000000e+000
70,YVNFLYLASHYEKLKGSPEDNEQK(13)(15),3180.453889,null,sp|CAS9HALO|CAS9_HALO(1248)(1250)/
,1,Cas9_HeLa_Cyt_r2.47020.47020.4.0.dta,4,3180.440887,1.000000e+000,0.966745,-0.013002,-4.088096,1.000000e+000,1.000000e+000
