Protein_Order,Protein,Unique_Peptide_Number,Spectrum_Number,Protein_Type
,Spectrum_Order,Title,Charge,Precursor_Mass,Peptide,Peptide_Mass,Modifications,Evalue,Score,Precursor_Mass_Error(Da),Precursor_Mass_Error(ppm),Alpha_Evalue,Beta_Evalue
1,sp|CAS9HALO|CAS9_HALO(566)(569),3,7,Loop-Linked
,1,Cas9_HeLa_Cyt_r1.35821.35821.3.0.dta,3,1933.958788,KVTVKQLKEDYFK(5)(8),1933.964860,null,1.000000e+000,0.935154,-0.006072,-3.139664,1.000000e+000,1.000000e+000
,2,Cas9_HeLa_Cyt_r1.35492.35492.3.4.dta,3,1933.962498,KVTVKQLKEDYFK(5)(8),1933.964860,null,1.000000e+000,0.849788,-0.002362,-1.221325,1.000000e+000,1.000000e+000
,3,Cas9_HeLa_Cyt_r1.35931.35931.3.0.dta,3,1933.958152,KVTVKQLKEDYFK(5)(8),1933.964860,null,1.000000e+000,0.818779,-0.006708,-3.468522,1.000000e+000,1.000000e+000
,4,Cas9_HeLa_Cyt_r1.35551.35551.3.0.dta,3,1933.958659,KVTVKQLKEDYFK(5)(8),1933.964860,null,1.000000e+000,0.765090,-0.006201,-3.206366,1.000000e+000,1.000000e+000
,5,Cas9_HeLa_Cyt_r1.42265.42265.3.0.dta,3,1805.863600,VTVKQLKEDYFK(4)(7),1805.869904,null,1.000000e+000,0.907510,-0.006304,-3.490838,1.000000e+000,1.000000e+000
,6,Cas9_HeLa_Cyt_r1.42023.42023.3.2.dta,3,1805.862391,VTVKQLKEDYFK(4)(7),1805.869904,null,1.000000e+000,0.862100,-0.007513,-4.160322,1.000000e+000,1.000000e+000
,7,Cas9_HeLa_Cyt_r1.37509.37509.3.3.dta,3,1933.957660,VTVKQLKEDYFKK(4)(7),1933.964860,null,1.000000e+000,0.796073,-0.007200,-3.722922,1.000000e+000,1.000000e+000
2,sp|CAS9HALO|CAS9_HALO(650)(653),3,5,Loop-Linked
,1,Cas9_HeLa_Cyt_r1.33643.33643.3.0.dta,3,2160.996136,TYAHLFDDKVMKQLK(9)(12),2161.001313,Oxidation[M](11),1.000000e+000,0.934786,-0.005177,-2.395649,1.000000e+000,1.000000e+000
,2,Cas9_HeLa_Cyt_r1.38719.38719.3.0.dta,3,2144.998822,TYAHLFDDKVMKQLK(9)(12),2145.006399,null,1.000000e+000,0.933658,-0.007577,-3.532390,1.000000e+000,1.000000e+000
,3,Cas9_HeLa_Cyt_r1.37344.37344.4.2.dta,4,2386.179359,LKTYAHLFDDKVMKQLK(11)(14),2386.185413,null,1.000000e+000,0.872767,-0.006054,-2.537104,1.000000e+000,1.000000e+000
,4,Cas9_HeLa_Cyt_r1.32345.32345.4.5.dta,4,2402.182896,LKTYAHLFDDKVMKQLK(11)(14),2402.180327,Oxidation[M](13),1.000000e+000,0.615835,0.002569,1.069445,1.000000e+000,1.000000e+000
,5,Cas9_HeLa_Cyt_r1.36427.36427.4.0.dta,4,2301.100391,TYAHLFDDKVMKQLKR(9)(12),2301.107501,null,1.000000e+000,0.856425,-0.007110,-3.089817,1.000000e+000,1.000000e+000
3,sp|CAS9HALO|CAS9_HALO(881)(882),2,7,Loop-Linked
,1,Cas9_HeLa_Cyt_r1.28888.28888.3.0.dta,3,1897.852828,SDNVPSEEVVKKMK(11)(12),1897.859076,null,1.000000e+000,0.982457,-0.006248,-3.292131,1.000000e+000,1.000000e+000
,2,Cas9_HeLa_Cyt_r1.29204.29204.3.0.dta,3,1897.852414,SDNVPSEEVVKKMK(11)(12),1897.859076,null,1.000000e+000,0.948482,-0.006662,-3.510271,1.000000e+000,1.000000e+000
,3,Cas9_HeLa_Cyt_r1.29064.29064.3.0.dta,3,1897.849771,SDNVPSEEVVKKMK(11)(12),1897.859076,null,1.000000e+000,0.558361,-0.009305,-4.902893,1.000000e+000,1.000000e+000
,4,Cas9_HeLa_Cyt_r1.25582.25582.3.0.dta,3,2082.966778,GKSDNVPSEEVVKKMK(13)(14),2082.975492,null,1.000000e+000,0.974737,-0.008714,-4.183439,1.000000e+000,1.000000e+000
,5,Cas9_HeLa_Cyt_r1.25894.25894.3.0.dta,3,2082.969067,GKSDNVPSEEVVKKMK(13)(14),2082.975492,null,1.000000e+000,0.959122,-0.006425,-3.084530,1.000000e+000,1.000000e+000
,6,Cas9_HeLa_Cyt_r1.18309.18309.3.0.dta,3,2098.962124,GKSDNVPSEEVVKKMK(13)(14),2098.970407,Oxidation[M](15),1.000000e+000,0.914700,-0.008283,-3.946220,1.000000e+000,1.000000e+000
,7,Cas9_HeLa_Cyt_r1.18504.18504.3.1.dta,3,2098.965136,GKSDNVPSEEVVKKMK(13)(14),2098.970407,Oxidation[M](15),1.000000e+000,0.809678,-0.005271,-2.511231,1.000000e+000,1.000000e+000
4,sp|CAS9HALO|CAS9_HALO(1293)(1300),2,6,Loop-Linked
,1,Cas9_HeLa_Cyt_r1.44942.44942.3.0.dta,3,2448.218617,VILADANLDKVLSAYNKHR(10)(17),2448.226027,null,1.000000e+000,0.980034,-0.007410,-3.026681,1.000000e+000,1.000000e+000
,2,Cas9_HeLa_Cyt_r1.45139.45139.3.0.dta,3,2448.218083,VILADANLDKVLSAYNKHR(10)(17),2448.226027,null,1.000000e+000,0.643535,-0.007944,-3.244798,1.000000e+000,1.000000e+000
,3,Cas9_HeLa_Cyt_r1.39196.39196.4.6.dta,4,2448.224400,VILADANLDKVLSAYNKHR(10)(17),2448.226027,null,1.000000e+000,0.569429,-0.001627,-0.664563,1.000000e+000,1.000000e+000
,4,Cas9_HeLa_Cyt_r1.41326.41326.3.0.dta,3,2604.318628,RVILADANLDKVLSAYNKHR(11)(18),2604.327129,null,1.000000e+000,0.952007,-0.008501,-3.264183,1.000000e+000,1.000000e+000
,5,Cas9_HeLa_Cyt_r1.41484.41484.3.0.dta,3,2604.315499,RVILADANLDKVLSAYNKHR(11)(18),2604.327129,null,1.000000e+000,0.690203,-0.011630,-4.465645,1.000000e+000,1.000000e+000
,6,Cas9_HeLa_Cyt_r1.41501.41501.3.1.dta,3,2604.315331,RVILADANLDKVLSAYNKHR(11)(18),2604.327129,null,1.000000e+000,0.659486,-0.011798,-4.530153,1.000000e+000,1.000000e+000
5,sp|CAS9HALO|CAS9_HALO(793)(801),2,3,Loop-Linked
,1,Cas9_HeLa_Cyt_r1.44553.44553.4.0.dta,4,3411.652507,IEEGIKELGSQILKEHPVENTQLQNEK(6)(14),3411.665653,null,1.000000e+000,0.974362,-0.013146,-3.853250,1.000000e+000,1.000000e+000
,2,Cas9_HeLa_Cyt_r1.44226.44226.4.0.dta,4,3411.656943,IEEGIKELGSQILKEHPVENTQLQNEK(6)(14),3411.665653,null,1.000000e+000,0.947039,-0.008710,-2.553005,1.000000e+000,1.000000e+000
,3,Cas9_HeLa_Cyt_r1.42304.42304.4.0.dta,4,3567.754607,RIEEGIKELGSQILKEHPVENTQLQNEK(7)(15),3567.766755,null,1.000000e+000,0.838982,-0.012148,-3.404931,1.000000e+000,1.000000e+000
6,sp|CAS9HALO|CAS9_HALO(1111)(1117),2,8,Loop-Linked
,1,Cas9_HeLa_Cyt_r1.34500.34500.3.0.dta,3,2185.045303,TEVQTGGFSKESILPKR(10)(16),2185.051431,null,1.000000e+000,0.964755,-0.006128,-2.804511,1.000000e+000,1.000000e+000
,2,Cas9_HeLa_Cyt_r1.34182.34182.3.0.dta,3,2185.046728,TEVQTGGFSKESILPKR(10)(16),2185.051431,null,1.000000e+000,0.862240,-0.004703,-2.152352,1.000000e+000,1.000000e+000
,3,Cas9_HeLa_Cyt_r1.34584.34584.3.0.dta,3,2185.045993,TEVQTGGFSKESILPKR(10)(16),2185.051431,null,1.000000e+000,0.743460,-0.005438,-2.488729,1.000000e+000,1.000000e+000
,4,Cas9_HeLa_Cyt_r1.34682.34682.3.3.dta,3,2185.042249,TEVQTGGFSKESILPKR(10)(16),2185.051431,null,1.000000e+000,0.566715,-0.009182,-4.202189,1.000000e+000,1.000000e+000
,5,Cas9_HeLa_Cyt_r1.31085.31085.3.0.dta,3,2313.140233,KTEVQTGGFSKESILPKR(11)(17),2313.146386,null,1.000000e+000,0.962245,-0.006153,-2.660013,1.000000e+000,1.000000e+000
,6,Cas9_HeLa_Cyt_r1.31267.31267.3.0.dta,3,2313.142366,KTEVQTGGFSKESILPKR(11)(17),2313.146386,null,1.000000e+000,0.948991,-0.004020,-1.737893,1.000000e+000,1.000000e+000
,7,Cas9_HeLa_Cyt_r1.30767.30767.3.0.dta,3,2313.140632,KTEVQTGGFSKESILPKR(11)(17),2313.146386,null,1.000000e+000,0.911850,-0.005754,-2.487521,1.000000e+000,1.000000e+000
,8,Cas9_HeLa_Cyt_r1.30822.30822.3.0.dta,3,2313.140380,KTEVQTGGFSKESILPKR(11)(17),2313.146386,null,1.000000e+000,0.816399,-0.006006,-2.596463,1.000000e+000,1.000000e+000
7,sp|CAS9HALO|CAS9_HALO(1028)(1035),2,6,Loop-Linked
,1,Cas9_HeLa_Cyt_r1.22274.22274.3.0.dta,3,2040.992071,KMIAKSEQEIGKATAK(5)(12),2041.001313,null,1.000000e+000,0.955699,-0.009242,-4.528170,1.000000e+000,1.000000e+000
,2,Cas9_HeLa_Cyt_r1.21973.21973.3.2.dta,3,2040.991843,KMIAKSEQEIGKATAK(5)(12),2041.001313,null,1.000000e+000,0.901780,-0.009470,-4.639879,1.000000e+000,1.000000e+000
,3,Cas9_HeLa_Cyt_r1.22184.22184.3.0.dta,3,2040.992968,KMIAKSEQEIGKATAK(5)(12),2041.001313,null,1.000000e+000,0.558755,-0.008345,-4.088679,1.000000e+000,1.000000e+000
,4,Cas9_HeLa_Cyt_r1.23676.23676.3.0.dta,3,1912.898380,MIAKSEQEIGKATAK(4)(11),1912.906358,null,1.000000e+000,0.936082,-0.007978,-4.170617,1.000000e+000,1.000000e+000
,5,Cas9_HeLa_Cyt_r1.23362.23362.3.0.dta,3,1912.900807,MIAKSEQEIGKATAK(4)(11),1912.906358,null,1.000000e+000,0.912087,-0.005551,-2.901867,1.000000e+000,1.000000e+000
,6,Cas9_HeLa_Cyt_r1.23690.23690.3.0.dta,3,1912.898473,MIAKSEQEIGKATAK(4)(11),1912.906358,null,1.000000e+000,0.784671,-0.007885,-4.122000,1.000000e+000,1.000000e+000
8,sp|CAS9HALO|CAS9_HALO(746)(753),2,5,Loop-Linked
,1,Cas9_HeLa_Cyt_r1.63455.63455.3.1.dta,3,2420.291065,KGILQTVKVVDELVKVMGR(8)(15),2420.296018,null,1.000000e+000,0.944132,-0.004953,-2.046444,1.000000e+000,1.000000e+000
,2,Cas9_HeLa_Cyt_r1.63764.63764.3.0.dta,3,2420.285404,KGILQTVKVVDELVKVMGR(8)(15),2420.296018,null,1.000000e+000,0.887019,-0.010614,-4.385414,1.000000e+000,1.000000e+000
,3,Cas9_HeLa_Cyt_r1.54862.54862.4.5.dta,4,2436.276327,KGILQTVKVVDELVKVMGR(8)(15),2436.290932,Oxidation[M](17),1.000000e+000,0.787821,-0.014605,-5.994768,1.000000e+000,1.000000e+000
,4,Cas9_HeLa_Cyt_r1.60937.60937.3.0.dta,3,2308.187878,GILQTVKVVDELVKVMGR(7)(14),2308.195976,Oxidation[M](16),1.000000e+000,0.918833,-0.008098,-3.508368,1.000000e+000,1.000000e+000
,5,Cas9_HeLa_Cyt_r1.60618.60618.3.3.dta,3,2308.185832,GILQTVKVVDELVKVMGR(7)(14),2308.195976,Oxidation[M](16),1.000000e+000,0.814725,-0.010144,-4.394774,1.000000e+000,1.000000e+000
9,sp|CAS9HALO|CAS9_HALO(145)(152),2,2,Loop-Linked
,1,Cas9_HeLa_Cyt_r1.20558.20558.3.0.dta,3,1796.869933,KKLVDSTDKADLR(2)(9),1796.876777,null,1.000000e+000,0.892096,-0.006844,-3.808831,1.000000e+000,1.000000e+000
,2,Cas9_HeLa_Cyt_r1.23332.23332.3.0.dta,3,1668.778519,KLVDSTDKADLR(1)(8),1668.781821,null,1.000000e+000,0.755776,-0.003302,-1.978689,1.000000e+000,1.000000e+000
10,sp|CAS9HALO|CAS9_HALO(653)(656),2,2,Loop-Linked
,1,Cas9_HeLa_Cyt_r1.35369.35369.4.0.dta,4,2301.098011,TYAHLFDDKVMKQLKR(12)(15),2301.107501,null,1.000000e+000,0.867386,-0.009490,-4.124101,1.000000e+000,1.000000e+000
,2,Cas9_HeLa_Cyt_r1.16054.16054.3.0.dta,3,1210.596826,VMKQLKR(3)(6),1210.599190,null,1.000000e+000,0.558999,-0.002364,-1.952752,1.000000e+000,1.000000e+000
11,sp|CAS9HALO|CAS9_HALO(1127)(1128),2,7,Loop-Linked
,1,Cas9_HeLa_Cyt_r1.12773.12773.3.0.dta,3,1352.618527,KKDWDPKK(1)(2),1352.622425,null,1.000000e+000,0.851641,-0.003898,-2.881809,1.000000e+000,1.000000e+000
,2,Cas9_HeLa_Cyt_r1.12479.12479.3.0.dta,3,1352.617324,KKDWDPKK(1)(2),1352.622425,null,1.000000e+000,0.779925,-0.005101,-3.771193,1.000000e+000,1.000000e+000
,3,Cas9_HeLa_Cyt_r1.7857.7857.3.0.dta,3,1352.616613,KKDWDPKK(1)(2),1352.622425,null,1.000000e+000,0.709828,-0.005812,-4.296838,1.000000e+000,1.000000e+000
,4,Cas9_HeLa_Cyt_r1.7905.7905.3.0.dta,3,1352.616538,KKDWDPKK(1)(2),1352.622425,null,1.000000e+000,0.696561,-0.005887,-4.352286,1.000000e+000,1.000000e+000
,5,Cas9_HeLa_Cyt_r1.7835.7835.3.0.dta,3,1352.614855,KKDWDPKK(1)(2),1352.622425,null,1.000000e+000,0.595154,-0.007570,-5.596536,1.000000e+000,1.000000e+000
,6,Cas9_HeLa_Cyt_r1.12753.12753.3.0.dta,3,1352.618551,KKDWDPKK(1)(2),1352.622425,null,1.000000e+000,0.584577,-0.003874,-2.864066,1.000000e+000,1.000000e+000
,7,Cas9_HeLa_Cyt_r1.16539.16539.2.0.dta,2,1224.522742,KKDWDPK(1)(2),1224.527469,null,1.000000e+000,0.633124,-0.004727,-3.860265,1.000000e+000,1.000000e+000
12,sp|CAS9HALO|CAS9_HALO(352)(360),1,2,Loop-Linked
,1,Cas9_HeLa_Cyt_r1.45214.45214.3.0.dta,3,3562.524874,YKEIFFDQSKNGYAGYIDGGASQEEFYK(2)(10),3562.533978,null,1.000000e+000,0.983400,-0.009104,-2.555484,1.000000e+000,1.000000e+000
,2,Cas9_HeLa_Cyt_r1.39332.39332.3.0.dta,3,3562.519141,YKEIFFDQSKNGYAGYIDGGASQEEFYK(2)(10),3562.533978,null,1.000000e+000,0.928870,-0.014837,-4.164732,1.000000e+000,1.000000e+000
13,sp|CAS9HALO|CAS9_HALO(378)(381),1,7,Loop-Linked
,1,Cas9_HeLa_Cyt_r1.61988.61988.3.0.dta,3,3245.492245,NGYAGYIDGGASQEEFYKFIKPILEK(18)(21),3245.505588,null,1.000000e+000,0.982661,-0.013343,-4.111224,1.000000e+000,1.000000e+000
,2,Cas9_HeLa_Cyt_r1.65453.65453.3.1.dta,3,3245.480728,NGYAGYIDGGASQEEFYKFIKPILEK(18)(21),3245.505588,null,1.000000e+000,0.902422,-0.024860,-7.659824,1.000000e+000,1.000000e+000
,3,Cas9_HeLa_Cyt_r1.63793.63793.3.1.dta,3,3245.487670,NGYAGYIDGGASQEEFYKFIKPILEK(18)(21),3245.505588,null,1.000000e+000,0.849593,-0.017918,-5.520866,1.000000e+000,1.000000e+000
,4,Cas9_HeLa_Cyt_r1.53248.53248.3.2.dta,3,3245.495383,NGYAGYIDGGASQEEFYKFIKPILEK(18)(21),3245.505588,null,1.000000e+000,0.809021,-0.010205,-3.144348,1.000000e+000,1.000000e+000
,5,Cas9_HeLa_Cyt_r1.65774.65774.3.1.dta,3,3245.481907,NGYAGYIDGGASQEEFYKFIKPILEK(18)(21),3245.505588,null,1.000000e+000,0.684264,-0.023681,-7.296552,1.000000e+000,1.000000e+000
,6,Cas9_HeLa_Cyt_r1.54391.54391.3.5.dta,3,3245.494372,NGYAGYIDGGASQEEFYKFIKPILEK(18)(21),3245.505588,null,1.000000e+000,0.664364,-0.011216,-3.455856,1.000000e+000,1.000000e+000
,7,Cas9_HeLa_Cyt_r1.58508.58508.3.0.dta,3,3245.495185,NGYAGYIDGGASQEEFYKFIKPILEK(18)(21),3245.505588,null,1.000000e+000,0.560555,-0.010403,-3.205356,1.000000e+000,1.000000e+000
14,sp|CAS9HALO|CAS9_HALO(1196)(1201),1,1,Loop-Linked
,1,Cas9_HeLa_Cyt_r1.51307.51307.3.0.dta,3,2584.333237,KDLIIKLPKYSLFELENGR(1)(6),2584.339989,null,1.000000e+000,0.976229,-0.006752,-2.612659,1.000000e+000,1.000000e+000
15,sp|CAS9HALO|CAS9_HALO(472)(488),1,1,Loop-Linked
,1,Cas9_HeLa_Cyt_r1.57617.57617.3.0.dta,3,3405.535987,KSEETITPWNFEEVVDKGASAQSFIER(1)(17),3405.549962,null,1.000000e+000,0.969180,-0.013975,-4.103596,1.000000e+000,1.000000e+000
16,sp|CAS9HALO|CAS9_HALO(115)(116),1,1,Loop-Linked
,1,Cas9_HeLa_Cyt_r1.26989.26989.3.0.dta,3,2195.974057,LEESFLVEEDKKHER(11)(12),2195.983413,null,1.000000e+000,0.969137,-0.009356,-4.260506,1.000000e+000,1.000000e+000
17,sp|CAS9HALO|CAS9_HALO(1007)(1018),1,2,Loop-Linked
,1,Cas9_HeLa_Cyt_r1.40631.40631.3.0.dta,3,2806.287541,KYPKLESEFVYGDYKVYDVR(4)(15),2806.298910,null,1.000000e+000,0.968897,-0.011369,-4.051243,1.000000e+000,1.000000e+000
,2,Cas9_HeLa_Cyt_r1.40301.40301.3.0.dta,3,2806.288831,KYPKLESEFVYGDYKVYDVR(4)(15),2806.298910,null,1.000000e+000,0.940147,-0.010079,-3.591563,1.000000e+000,1.000000e+000
18,sp|CAS9HALO|CAS9_HALO(532)(540),1,2,Loop-Linked
,1,Cas9_HeLa_Cyt_r1.32882.32882.3.0.dta,3,2476.185193,VKYVTEGMRKPAFLSGEQK(2)(10),2476.191951,null,1.000000e+000,0.966132,-0.006758,-2.729191,1.000000e+000,1.000000e+000
,2,Cas9_HeLa_Cyt_r1.28321.28321.4.7.dta,4,2492.184605,VKYVTEGMRKPAFLSGEQK(2)(10),2492.186865,Oxidation[M](8),1.000000e+000,0.673396,-0.002260,-0.906834,1.000000e+000,1.000000e+000
19,sp|CAS9HALO|CAS9_HALO(381)(386),1,10,Loop-Linked
,1,Cas9_HeLa_Cyt_r1.54213.54213.3.2.dta,3,2411.210422,FIKPILEKMDGTEELLVK(3)(8),2411.215708,null,1.000000e+000,0.965989,-0.005286,-2.192255,1.000000e+000,1.000000e+000
,2,Cas9_HeLa_Cyt_r1.54274.54274.3.0.dta,3,2411.209954,FIKPILEKMDGTEELLVK(3)(8),2411.215708,null,1.000000e+000,0.947904,-0.005754,-2.386348,1.000000e+000,1.000000e+000
,3,Cas9_HeLa_Cyt_r1.44569.44569.3.1.dta,3,2411.209099,FIKPILEKMDGTEELLVK(3)(8),2411.215708,null,1.000000e+000,0.893671,-0.006609,-2.740941,1.000000e+000,1.000000e+000
,4,Cas9_HeLa_Cyt_r1.46558.46558.3.1.dta,3,2411.207035,FIKPILEKMDGTEELLVK(3)(8),2411.215708,null,1.000000e+000,0.839742,-0.008673,-3.596941,1.000000e+000,1.000000e+000
,5,Cas9_HeLa_Cyt_r1.36971.36971.3.0.dta,3,2427.204190,FIKPILEKMDGTEELLVK(3)(8),2427.210622,Oxidation[M](9),1.000000e+000,0.799461,-0.006432,-2.649955,1.000000e+000,1.000000e+000
,6,Cas9_HeLa_Cyt_r1.47293.47293.3.4.dta,3,2411.218981,FIKPILEKMDGTEELLVK(3)(8),2411.215708,null,1.000000e+000,0.787505,0.003273,1.357407,1.000000e+000,1.000000e+000
,7,Cas9_HeLa_Cyt_r1.47968.47968.3.6.dta,3,2427.211413,FIKPILEKMDGTEELLVK(3)(8),2427.210622,Oxidation[M](9),1.000000e+000,0.774507,0.000791,0.325888,1.000000e+000,1.000000e+000
,8,Cas9_HeLa_Cyt_r1.50080.50080.3.5.dta,3,2427.210498,FIKPILEKMDGTEELLVK(3)(8),2427.210622,Oxidation[M](9),1.000000e+000,0.734671,-0.000124,-0.051087,1.000000e+000,1.000000e+000
,9,Cas9_HeLa_Cyt_r1.48967.48967.3.7.dta,3,2427.212878,FIKPILEKMDGTEELLVK(3)(8),2427.210622,Oxidation[M](9),1.000000e+000,0.716905,0.002256,0.929462,1.000000e+000,1.000000e+000
,10,Cas9_HeLa_Cyt_r1.43402.43402.3.0.dta,3,2411.207194,FIKPILEKMDGTEELLVK(3)(8),2411.215708,null,1.000000e+000,0.699506,-0.008514,-3.530999,1.000000e+000,1.000000e+000
20,sp|CAS9HALO|CAS9_HALO(350)(352),1,2,Loop-Linked
,1,Cas9_HeLa_Cyt_r1.41506.41506.3.3.dta,3,2336.070713,QQLPEKYKEIFFDQSK(6)(8),2336.082394,null,1.000000e+000,0.959030,-0.011681,-5.000252,1.000000e+000,1.000000e+000
,2,Cas9_HeLa_Cyt_r1.41173.41173.3.0.dta,3,2336.071243,QQLPEKYKEIFFDQSK(6)(8),2336.082394,null,1.000000e+000,0.942111,-0.011151,-4.773376,1.000000e+000,1.000000e+000
21,sp|CAS9HALO|CAS9_HALO(504)(510),1,1,Loop-Linked
,1,Cas9_HeLa_Cyt_r1.34110.34110.3.0.dta,3,2196.030829,MTNFDKNLPNEKVLPK(6)(12),2196.038424,null,1.000000e+000,0.958437,-0.007595,-3.458501,1.000000e+000,1.000000e+000
22,sp|CAS9HALO|CAS9_HALO(1235)(1248),1,1,Loop-Linked
,1,Cas9_HeLa_Cyt_r1.58752.58752.3.0.dta,3,3105.522091,GNELALPSKYVNFLYLASHYEKLK(9)(22),3105.531017,null,1.000000e+000,0.957710,-0.008926,-2.874227,1.000000e+000,1.000000e+000
23,sp|CAS9HALO|CAS9_HALO(776)(779),1,1,Loop-Linked
,1,Cas9_HeLa_Cyt_r1.5090.5090.3.0.dta,3,1826.794147,ENQTTQKGQKNSR(7)(10),1826.800652,null,1.000000e+000,0.952935,-0.006505,-3.560870,1.000000e+000,1.000000e+000
24,sp|CAS9HALO|CAS9_HALO(681)(688),1,1,Loop-Linked
,1,Cas9_HeLa_Cyt_r1.51559.51559.3.0.dta,3,2548.197934,DKQSGKTILDFLKSDGFANR(6)(13),2548.205684,null,1.000000e+000,0.951975,-0.007750,-3.041356,1.000000e+000,1.000000e+000
25,sp|CAS9HALO|CAS9_HALO(514)(530),1,2,Loop-Linked
,1,Cas9_HeLa_Cyt_r1.61033.61033.3.0.dta,3,2992.496881,VLPKHSLLYEYFTVYNELTKVK(4)(20),2992.508496,null,1.000000e+000,0.944208,-0.011615,-3.881359,1.000000e+000,1.000000e+000
,2,Cas9_HeLa_Cyt_r1.60721.60721.3.0.dta,3,2992.494223,VLPKHSLLYEYFTVYNELTKVK(4)(20),2992.508496,null,1.000000e+000,0.930129,-0.014273,-4.769577,1.000000e+000,1.000000e+000
26,sp|CAS9HALO|CAS9_HALO(318)(327),1,3,Loop-Linked
,1,Cas9_HeLa_Cyt_r1.35656.35656.3.0.dta,3,2167.076329,VNTEITKAPLSASMIKR(7)(16),2167.080620,null,1.000000e+000,0.941923,-0.004291,-1.980083,1.000000e+000,1.000000e+000
,2,Cas9_HeLa_Cyt_r1.32634.32634.3.2.dta,3,2183.060641,VNTEITKAPLSASMIKR(7)(16),2183.075534,Oxidation[M](14),1.000000e+000,0.697423,-0.014893,-6.822027,1.000000e+000,1.000000e+000
,3,Cas9_HeLa_Cyt_r1.31123.31123.3.2.dta,3,2167.074634,VNTEITKAPLSASMIKR(7)(16),2167.080620,null,1.000000e+000,0.537658,-0.005986,-2.762241,1.000000e+000,1.000000e+000
27,sp|CAS9HALO|CAS9_HALO(438)(443),1,1,Loop-Linked
,1,Cas9_HeLa_Cyt_r1.35261.35261.3.0.dta,3,2507.136766,QEDFYPFLKDNREKIEK(9)(14),2507.146778,null,1.000000e+000,0.938026,-0.010012,-3.993384,1.000000e+000,1.000000e+000
28,sp|CAS9HALO|CAS9_HALO(1248)(1250),1,1,Loop-Linked
,1,Cas9_HeLa_Cyt_r1.46462.46462.4.0.dta,4,3180.440935,YVNFLYLASHYEKLKGSPEDNEQK(13)(15),3180.453889,null,1.000000e+000,0.930169,-0.012954,-4.073004,1.000000e+000,1.000000e+000
29,sp|CAS9HALO|CAS9_HALO(1250)(1259),1,3,Loop-Linked
,1,Cas9_HeLa_Cyt_r1.25188.25188.3.0.dta,3,2562.180805,LKGSPEDNEQKQLFVEQHK(2)(11),2562.184949,null,1.000000e+000,0.929857,-0.004144,-1.617370,1.000000e+000,1.000000e+000
,2,Cas9_HeLa_Cyt_r1.21083.21083.4.1.dta,4,2562.172755,LKGSPEDNEQKQLFVEQHK(2)(11),2562.184949,null,1.000000e+000,0.829080,-0.012194,-4.759219,1.000000e+000,1.000000e+000
,3,Cas9_HeLa_Cyt_r1.21074.21074.4.1.dta,4,2562.172531,LKGSPEDNEQKQLFVEQHK(2)(11),2562.184949,null,1.000000e+000,0.697846,-0.012418,-4.846645,1.000000e+000,1.000000e+000
30,sp|CAS9HALO|CAS9_HALO(866)(870),1,1,Loop-Linked
,1,Cas9_HeLa_Cyt_r1.17047.17047.3.0.dta,3,2296.033879,SDKNRGKSDNVPSEEVVK(3)(7),2296.043045,null,1.000000e+000,0.919193,-0.009166,-3.992085,1.000000e+000,1.000000e+000
31,sp|CAS9HALO|CAS9_HALO(443)(446),1,4,Loop-Linked
,1,Cas9_HeLa_Cyt_r1.41950.41950.3.0.dta,3,1584.795748,EKIEKILTFR(2)(5),1584.801104,null,1.000000e+000,0.882427,-0.005356,-3.379604,1.000000e+000,1.000000e+000
,2,Cas9_HeLa_Cyt_r1.42185.42185.3.0.dta,3,1584.795187,EKIEKILTFR(2)(5),1584.801104,null,1.000000e+000,0.813801,-0.005917,-3.733592,1.000000e+000,1.000000e+000
,3,Cas9_HeLa_Cyt_r1.31870.31870.3.0.dta,3,1584.796402,EKIEKILTFR(2)(5),1584.801104,null,1.000000e+000,0.737121,-0.004702,-2.966934,1.000000e+000,1.000000e+000
,4,Cas9_HeLa_Cyt_r1.31888.31888.3.0.dta,3,1584.796510,EKIEKILTFR(2)(5),1584.801104,null,1.000000e+000,0.552306,-0.004594,-2.898786,1.000000e+000,1.000000e+000
32,sp|CAS9HALO|CAS9_HALO(35)(37),1,1,Loop-Linked
,1,Cas9_HeLa_Cyt_r1.24889.24889.3.0.dta,3,1485.704380,KFKVLGNTDR(1)(3),1485.707544,null,1.000000e+000,0.881592,-0.003164,-2.129625,1.000000e+000,1.000000e+000
33,sp|CAS9HALO|CAS9_HALO(881)(884),1,1,Loop-Linked
,1,Cas9_HeLa_Cyt_r1.41980.41980.3.0.dta,3,2517.135340,SDNVPSEEVVKKMKNYWR(11)(14),2517.145729,null,1.000000e+000,0.869358,-0.010389,-4.127294,1.000000e+000,1.000000e+000
34,sp|CAS9HALO|CAS9_HALO(1195)(1196),1,1,Loop-Linked
,1,Cas9_HeLa_Cyt_r1.30216.30216.3.0.dta,3,1741.902103,GYKEVKKDLIIK(6)(7),1741.911375,null,1.000000e+000,0.865363,-0.009272,-5.322888,1.000000e+000,1.000000e+000
35,sp|CAS9HALO|CAS9_HALO(562)(566),1,2,Loop-Linked
,1,Cas9_HeLa_Cyt_r1.31873.31873.3.1.dta,3,1933.961650,KVTVKQLKEDYFK(1)(5),1933.964860,null,1.000000e+000,0.838949,-0.003210,-1.659803,1.000000e+000,1.000000e+000
,2,Cas9_HeLa_Cyt_r1.31954.31954.3.1.dta,3,1933.959694,KVTVKQLKEDYFK(1)(5),1933.964860,null,1.000000e+000,0.660050,-0.005166,-2.671196,1.000000e+000,1.000000e+000
36,sp|CAS9HALO|CAS9_HALO(870)(881),1,2,Loop-Linked
,1,Cas9_HeLa_Cyt_r1.19609.19609.3.0.dta,3,1823.835805,GKSDNVPSEEVVKK(2)(13),1823.840058,null,1.000000e+000,0.831057,-0.004253,-2.331893,1.000000e+000,1.000000e+000
,2,Cas9_HeLa_Cyt_r1.19806.19806.2.0.dta,2,1823.833808,GKSDNVPSEEVVKK(2)(13),1823.840058,null,1.000000e+000,0.711160,-0.006250,-3.426836,1.000000e+000,1.000000e+000
37,sp|CAS9HALO|CAS9_HALO(669)(677),1,2,Loop-Linked
,1,Cas9_HeLa_Cyt_r1.18755.18755.3.0.dta,3,1764.894652,KLINGIRDKQSGK(1)(9),1764.898181,null,1.000000e+000,0.829502,-0.003529,-1.999549,1.000000e+000,1.000000e+000
,2,Cas9_HeLa_Cyt_r1.18987.18987.3.0.dta,3,1764.895585,KLINGIRDKQSGK(1)(9),1764.898181,null,1.000000e+000,0.654224,-0.002596,-1.470906,1.000000e+000,1.000000e+000
38,sp|CAS9HALO|CAS9_HALO(1024)(1028),1,3,Loop-Linked
,1,Cas9_HeLa_Cyt_r1.21644.21644.3.0.dta,3,1669.779889,KMIAKSEQEIGK(1)(5),1669.784464,null,1.000000e+000,0.817445,-0.004575,-2.739875,1.000000e+000,1.000000e+000
,2,Cas9_HeLa_Cyt_r1.14255.14255.3.2.dta,3,1685.782156,KMIAKSEQEIGK(1)(5),1685.779378,Oxidation[M](2),1.000000e+000,0.730093,0.002778,1.647902,1.000000e+000,1.000000e+000
,3,Cas9_HeLa_Cyt_r1.15400.15400.3.4.dta,3,1685.766655,KMIAKSEQEIGK(1)(5),1685.779378,Oxidation[M](2),1.000000e+000,0.715698,-0.012723,-7.547251,1.000000e+000,1.000000e+000
39,sp|CAS9HALO|CAS9_HALO(144)(145),1,1,Loop-Linked
,1,Cas9_HeLa_Cyt_r1.20190.20190.3.6.dta,3,1796.872532,KKLVDSTDKADLR(1)(2),1796.876777,null,1.000000e+000,0.813581,-0.004245,-2.362432,1.000000e+000,1.000000e+000
40,sp|CAS9HALO|CAS9_HALO(1180)(1189),1,3,Loop-Linked
,1,Cas9_HeLa_Cyt_r1.48935.48935.3.1.dta,3,2281.033123,SSFEKNPIDFLEAKGYK(5)(14),2281.040198,null,1.000000e+000,0.802420,-0.007075,-3.101655,1.000000e+000,1.000000e+000
,2,Cas9_HeLa_Cyt_r1.48963.48963.3.6.dta,3,2281.033238,SSFEKNPIDFLEAKGYK(5)(14),2281.040198,null,1.000000e+000,0.770805,-0.006960,-3.051240,1.000000e+000,1.000000e+000
,3,Cas9_HeLa_Cyt_r1.49087.49087.3.0.dta,3,2281.034266,SSFEKNPIDFLEAKGYK(5)(14),2281.040198,null,1.000000e+000,0.544792,-0.005932,-2.600568,1.000000e+000,1.000000e+000
41,sp|CAS9HALO|CAS9_HALO(870)(882),1,1,Loop-Linked
,1,Cas9_HeLa_Cyt_r1.24901.24901.3.0.dta,3,2082.971434,GKSDNVPSEEVVKKMK(2)(14),2082.975492,null,1.000000e+000,0.778761,-0.004058,-1.948175,1.000000e+000,1.000000e+000
42,sp|CAS9HALO|CAS9_HALO(1101)(1111),1,4,Loop-Linked
,1,Cas9_HeLa_Cyt_r1.31266.31266.3.6.dta,3,2157.048816,KTEVQTGGFSKESILPK(1)(11),2157.045284,null,1.000000e+000,0.775153,0.003532,1.637425,1.000000e+000,1.000000e+000
,2,Cas9_HeLa_Cyt_r1.33989.33989.3.0.dta,3,2157.038155,KTEVQTGGFSKESILPK(1)(11),2157.045284,null,1.000000e+000,0.744203,-0.007129,-3.304984,1.000000e+000,1.000000e+000
,3,Cas9_HeLa_Cyt_r1.25743.25743.4.2.dta,4,2157.041091,KTEVQTGGFSKESILPK(1)(11),2157.045284,null,1.000000e+000,0.646981,-0.004193,-1.943863,1.000000e+000,1.000000e+000
,4,Cas9_HeLa_Cyt_r1.29101.29101.3.1.dta,3,2157.044980,KTEVQTGGFSKESILPK(1)(11),2157.045284,null,1.000000e+000,0.581157,-0.000304,-0.140934,1.000000e+000,1.000000e+000
43,sp|CAS9HALO|CAS9_HALO(34)(37),1,1,Loop-Linked
,1,Cas9_HeLa_Cyt_r1.24559.24559.3.0.dta,3,1896.950599,VPSKKFKVLGNTDR(4)(7),1896.955692,null,1.000000e+000,0.747452,-0.005093,-2.684828,1.000000e+000,1.000000e+000
44,sp|CAS9HALO|CAS9_HALO(946)(952),1,1,Loop-Linked
,1,Cas9_HeLa_Cyt_r1.25534.25534.3.0.dta,3,1947.841129,MNTKYDENDKLIR(4)(10),1947.849573,null,1.000000e+000,0.734366,-0.008444,-4.335037,1.000000e+000,1.000000e+000
45,sp|CAS9HALO|CAS9_HALO(739)(746),1,1,Loop-Linked
,1,Cas9_HeLa_Cyt_r1.43975.43975.3.0.dta,3,1977.057676,KGILQTVKVVDELVK(1)(8),1977.064567,null,1.000000e+000,0.661910,-0.006891,-3.485470,1.000000e+000,1.000000e+000
46,sp|Q13586|STIM1_HUMAN (243)(246),1,1,Loop-Linked
,1,Cas9_HeLa_Cyt_r1.11755.11755.4.1.dta,4,1681.728959,KMMKDLEGLHR(1)(4),1681.741553,Oxidation[M](2),1.000000e+000,0.646863,-0.012594,-7.488666,1.000000e+000,1.000000e+000
47,sp|CAS9HALO|CAS9_HALO(1159)(1162),1,1,Loop-Linked
,1,Cas9_HeLa_Cyt_r1.9497.9497.3.0.dta,3,1225.649092,SKKLKSVK(2)(5),1225.652998,null,1.000000e+000,0.624401,-0.003906,-3.186873,1.000000e+000,1.000000e+000
48,sp|CAS9HALO|CAS9_HALO(1117)(1122),1,1,Loop-Linked
,1,Cas9_HeLa_Cyt_r1.27186.27186.3.0.dta,3,2048.037904,ESILPKRNSDKLIAR(6)(11),2048.051374,null,1.000000e+000,0.623955,-0.013470,-6.576983,1.000000e+000,1.000000e+000
49,sp|CAS9HALO|CAS9_HALO(569)(574),1,1,Loop-Linked
,1,Cas9_HeLa_Cyt_r1.24586.24586.3.2.dta,3,1506.680140,QLKEDYFKK(3)(8),1506.685413,null,1.000000e+000,0.604443,-0.005273,-3.499735,1.000000e+000,1.000000e+000
50,sp|CAS9HALO|CAS9_HALO(963)(965),1,1,Loop-Linked
,1,Cas9_HeLa_Cyt_r1.36422.36422.3.0.dta,3,1942.033333,VITLKSKLVSDFRK(5)(7),1942.038689,null,1.000000e+000,0.589185,-0.005356,-2.757927,1.000000e+000,1.000000e+000
51,sp|CAS9HALO|CAS9_HALO(1128)(1133),1,2,Loop-Linked
,1,Cas9_HeLa_Cyt_r1.13706.13706.3.0.dta,3,1352.617540,KKDWDPKK(2)(7),1352.622425,null,1.000000e+000,0.563357,-0.004885,-3.611503,1.000000e+000,1.000000e+000
,2,Cas9_HeLa_Cyt_r1.13637.13637.3.0.dta,3,1352.618488,KKDWDPKK(2)(7),1352.622425,null,1.000000e+000,0.546814,-0.003937,-2.910642,1.000000e+000,1.000000e+000
